t,Linear,DeltaNet,VLA
1,8.5572,2.1401,1.9154
2,15.7161,1.4793,1.0787
3,22.0225,1.8925,2.1285
4,26.6087,1.5591,1.6257
5,32.631,1.7458,2.3311
6,35.6031,1.692,1.641
7,37.2954,2.1231,1.9844
8,40.4585,1.6706,1.9226
9,40.371,2.0191,1.8561
10,42.0895,1.6913,2.3418
11,41.2827,1.8324,1.8925
12,43.3425,2.3423,1.9001
13,48.852,2.2052,2.622
14,52.559,1.9751,2.2109
15,51.7959,2.1589,2.159
16,53.9331,1.6189,2.2992
17,56.8114,1.1014,2.3882
18,57.0608,1.8046,2.0926
19,57.4386,1.5893,2.6087
20,57.6705,1.8134,2.2574
21,59.9953,2.3446,2.3308
22,62.2057,2.2325,3.0002
23,63.9523,1.7013,2.4579
24,66.9635,1.8737,3.0373
25,69.5053,1.2345,2.5096
26,71.8167,1.8496,3.1606
27,74.9527,1.1767,2.6071
28,77.4249,1.9111,3.2141
29,76.7166,1.704,2.8687
30,76.6472,2.0724,2.9549
31,78.0283,1.6569,3.0598
32,77.9742,2.0514,2.9266
33,77.4799,1.6659,3.3938
34,77.2287,1.8108,3.1582
35,79.096,2.3275,3.2168
36,81.7291,2.1804,3.7771
37,83.9689,1.9448,3.3572
38,85.7516,2.0881,3.3043
39,87.5384,1.6016,3.5509
40,89.9371,1.2042,3.6909
41,91.003,1.8061,3.458
42,91.1647,1.6911,3.8523
43,92.4439,1.7971,3.7122
44,94.0934,2.3424,3.7022
45,95.4955,2.2298,4.249
46,96.8925,2.0973,3.8251
47,98.1438,1.8957,4.286
48,99.5037,2.0846,3.9618
49,100.7631,1.8961,4.1783
50,102.1473,2.2053,3.9661
51,101.4466,1.9253,3.9983
52,102.3229,1.8841,4.3427
53,104.2777,2.2068,4.5766
54,107.8668,2.1124,4.2064
55,110.5168,2.4918,4.102
56,112.6267,2.1441,4.6244
57,114.2618,1.8518,4.435
58,114.5974,1.4269,4.2864
59,117.6221,2.147,4.3043
60,119.906,2.3472,4.7127
61,118.9867,2.0293,4.2385
62,121.7454,1.9238,4.2724
63,120.1674,1.6745,4.5583
64,121.6195,2.1855,4.4792
65,123.7625,1.9935,4.5277
66,126.4512,2.1802,4.5799
67,132.4874,1.9524,4.5592
68,133.192,1.9726,4.7734
69,135.2685,2.2511,5.0412
70,133.2924,1.849,4.9576
71,135.8676,2.1833,4.8012
72,135.0284,1.724,4.8924
73,137.9551,2.3628,4.7289
74,140.4798,1.7567,5.0179
75,143.1311,2.1546,4.928
76,142.4734,1.7424,5.116
77,143.5901,2.2413,5.3172
78,146.6539,2.2289,5.0827
79,146.3465,1.8712,5.2314
80,147.3254,2.1251,5.5279
81,148.8201,1.8589,5.3728
82,152.5477,2.206,5.1553
83,152.6679,1.6101,5.2832
84,154.0693,1.0506,5.4431
85,158.7526,1.7653,5.3748
86,159.558,1.8794,5.5877
87,161.0837,2.1744,5.8765
88,160.9167,1.972,5.7733
89,164.1113,2.1927,5.7054
90,165.9587,1.6634,5.7555
91,169.1494,2.4292,5.6533
92,171.019,1.6586,5.9406
93,174.0844,2.1361,5.8473
94,174.9748,1.6775,5.9855
95,175.997,2.2114,6.2799
96,177.6242,2.0617,5.8774
97,178.8582,1.8841,6.2897
98,182.0008,1.9773,5.9776
99,184.6938,2.2933,5.9419
100,185.4402,2.1289,6.4069
101,191.5613,2.1593,6.1683
102,193.4187,2.1899,6.551
103,197.3943,2.2829,6.1855
104,200.0116,1.9532,6.1375
105,203.2832,2.1392,6.1854
106,203.9674,1.6971,6.2388
107,207.3348,2.1997,6.1572
108,211.1635,2.238,6.2123
109,215.8689,2.2963,6.2103
110,216.4715,2.0715,6.6813
111,221.0578,2.1248,6.5001
112,223.4047,2.4542,6.4784
113,225.1239,2.0729,6.7759
114,220.5561,1.6423,6.4864
115,225.9052,1.81,6.4814
116,226.4298,1.6534,6.7081
117,227.6753,2.0609,6.5944
118,228.5582,1.7616,6.5371
119,230.1859,2.1735,6.9492
120,229.2991,1.8698,6.9514
121,234.369,2.2507,6.8438
122,236.967,1.546,6.9364
123,242.9533,2.3827,6.9088
124,245.3266,1.6132,7.0668
125,250.1665,2.1018,7.0531
126,250.6993,1.6945,7.1997
127,252.3854,2.1966,7.4971
128,253.7314,2.2682,7.3297
129,253.9013,1.6941,7.4138
130,258.5232,2.2003,7.2807
131,259.5132,1.5296,7.3927
132,260.6621,2.2215,7.6419
133,261.1004,1.8497,7.5843
134,260.7632,1.473,7.4942
135,263.2299,2.0284,7.4774
136,264.2522,2.1059,7.7602
137,268.2519,2.1216,7.7236
138,273.0462,2.0327,7.5998
139,275.7822,2.331,7.5791
140,276.9147,1.7539,7.7571
141,279.9799,2.1623,7.7074
142,280.6203,1.7257,7.8535
143,280.373,1.7678,7.9783
144,281.2751,2.1526,8.1617
145,282.5953,2.1826,7.8456
146,283.8376,1.9195,7.9331
147,284.5514,1.9775,7.9703
148,290.9736,2.2162,7.8266
149,291.3683,1.8924,8.099
150,292.5554,1.803,8.1015
151,295.023,2.238,7.9668
152,295.0251,1.901,8.13
153,296.4985,2.1326,8.3953
154,294.4625,1.8214,8.1293
155,294.4272,1.6295,8.2502
156,297.5703,2.1481,8.1562
157,302.5017,1.8214,8.1619
158,303.2657,1.8772,8.3551
159,303.9291,2.2691,8.5843
160,304.1335,1.9188,8.2775
161,305.1198,1.8343,8.6435
162,302.4029,1.5368,8.45
163,306.2753,1.9097,8.4535
164,307.2137,2.3568,8.3723
165,311.2935,2.5006,8.379
166,312.662,1.9754,8.5258
167,316.966,2.0596,8.5794
168,317.2336,1.8057,8.6926
169,317.3788,1.1855,8.8561
170,322.556,1.9969,8.7047
171,321.9029,1.9083,8.8504
172,325.6938,2.031,8.8486
173,331.2392,2.1455,8.8743
174,331.7597,2.0316,8.9657
175,333.95,2.2096,9.2491
176,334.1669,2.258,9.162
177,336.8954,2.1873,9.0887
178,345.8614,1.889,9.0817
179,347.5944,2.1511,9.3534
180,353.4606,2.2231,9.2628
181,353.4879,2.1364,9.3162
182,353.9697,2.2414,9.2451
183,355.3194,2.1482,9.4289
184,358.2293,1.863,9.2525
185,363.8853,1.9948,9.3053
186,365.2615,1.8989,9.4377
187,367.6166,1.8788,9.5118
188,371.062,2.2068,9.458
189,372.1012,2.0524,9.7691
190,375.4283,2.02,9.6183
191,376.3719,2.3715,9.5983
192,377.8431,2.0452,9.9335
193,379.6657,1.6862,9.787
194,379.2056,1.4973,9.7216
195,382.0832,2.131,9.701
196,384.6252,2.1319,10.0025
197,382.5144,1.6711,9.842
198,381.7857,2.2502,9.9272
199,389.1261,2.1161,9.949
200,388.7502,1.7462,10.0662
201,389.386,1.9283,9.9856
202,391.4143,2.1423,10.3353
203,391.0143,2.0921,10.1973
204,395.3217,2.2136,10.1733
205,402.2966,2.0213,10.2325
206,404.479,2.0324,10.5549
207,404.2266,1.614,10.3149
208,405.4595,1.7647,10.5656
209,405.287,1.901,10.3233
210,406.72,1.7274,10.4377
211,407.7438,2.1328,10.6707
212,411.0999,1.9213,10.5092
213,413.1176,2.1199,10.5262
214,415.2078,2.2166,10.8095
215,415.7486,2.0077,10.7201
216,414.4285,2.067,10.7489
217,416.8777,2.278,10.6906
218,418.7729,2.3566,10.7812
219,422.4399,2.222,10.8483
220,421.9046,1.9612,10.9044
221,424.8071,2.074,10.8488
222,427.1103,2.1743,11.0996
223,427.1626,1.8296,11.0493
224,430.8858,2.0891,11.038
225,430.1786,1.9714,11.1861
226,436.2579,2.1192,11.1077
227,437.3078,1.8916,11.1908
228,440.8177,2.2062,11.2321
229,441.9019,2.1445,11.2133
230,443.9695,2.2655,11.5117
231,445.4062,1.7439,11.4535
232,448.6503,2.1834,11.3913
233,451.448,2.2703,11.6405
234,452.4726,1.8867,11.5905
235,452.9245,1.4815,11.5074
236,457.2776,2.0352,11.5493
237,459.6173,2.1381,11.8001
238,460.0283,1.9974,11.704
239,460.5582,1.7046,11.6877
240,463.9134,2.1018,11.77
241,463.4769,1.6578,11.8519
242,466.4044,2.3284,11.8312
243,466.6742,2.048,11.9051
244,473.266,1.9764,11.8972
245,474.0079,1.9567,12.0899
246,476.5021,2.2377,12.2734
247,475.7987,1.9417,12.1834
248,478.2374,2.1367,12.2075
249,478.7635,1.6139,12.1879
250,480.7827,2.4763,12.1837
251,482.9079,1.6718,12.3444
252,486.8545,2.2486,12.3545
253,487.0419,1.8618,12.4552
254,489.9361,2.3706,12.6901
255,490.1046,2.1173,12.4085
256,493.8813,1.7506,12.7002
257,489.1689,1.5191,12.5569
258,489.036,1.5511,12.5449
259,492.1435,1.9563,12.822
260,497.0434,1.9152,12.7042
261,497.5948,1.683,12.6742
262,501.5041,2.2313,12.7447
263,501.2189,1.8403,12.8116
264,504.4958,2.1669,12.7914
265,504.6928,1.8836,12.8843
266,509.7621,2.0996,12.8875
267,509.5031,1.918,13.0201
268,513.3246,1.8141,13.0649
269,516.3459,2.3291,13.0448
270,518.6326,2.0649,13.2593
271,518.4718,1.6661,13.1308
272,522.111,1.9831,13.314
273,522.0128,1.8626,13.203
274,522.8779,1.9106,13.2739
275,526.2409,2.373,13.4723
276,525.7783,1.5437,13.4169
277,530.0442,1.7575,13.4326
278,532.41,1.8589,13.396
279,535.0443,2.0811,13.6696
280,536.3363,2.073,13.465
281,536.8397,1.7968,13.5566
282,539.2581,2.1675,13.5674
283,539.7734,1.8366,13.5872
284,542.2771,2.2045,13.8425
285,543.1489,1.8487,13.7969
286,545.3843,2.1497,13.7711
287,548.4999,2.0941,13.9924
288,553.7204,1.9906,13.9375
289,556.3694,2.0978,14.1485
290,555.0839,1.8652,14.1193
291,558.0129,2.3615,14.0987
292,558.0574,1.8871,14.1358
293,560.1093,1.6658,14.0758
294,561.5559,1.7972,14.1369
295,561.2962,1.4562,14.1311
296,564.263,2.1715,14.3445
297,568.4813,2.2387,14.2652
298,569.8649,2.58,14.2827
299,571.5496,2.0558,14.4653
300,572.6271,1.8133,14.3023
301,573.7864,2.0793,14.3122
302,577.4551,2.0586,14.5286
303,577.662,1.8277,14.5145
304,578.3652,1.8462,14.4546
305,581.2231,2.0472,14.6589
306,579.868,1.6384,14.5092
307,583.7302,1.8029,14.717
308,583.9764,1.9796,14.727
309,583.4767,1.6251,14.691
310,586.9222,2.0568,14.8663
311,591.0204,2.045,14.7585
312,591.0613,2.0279,14.8589
313,594.2999,2.0367,15.0362
314,589.5026,1.4922,14.9006
315,591.9638,2.075,15.1311
316,597.3746,2.2252,15.1053
317,597.8357,1.9996,15.2026
318,597.7531,2.2252,15.131
319,601.0995,2.2434,15.3603
320,606.0521,2.2542,15.3205
321,609.8085,1.9168,15.4921
322,610.7321,1.7141,15.3725
323,614.8085,1.8679,15.4213
324,617.6508,2.3072,15.3917
325,620.2168,1.6016,15.4132
326,623.636,1.942,15.6262
327,625.3382,2.1272,15.5704
328,627.2255,2.6058,15.5619
329,631.3261,2.1515,15.8066
330,632.8262,1.8817,15.6011
331,634.9304,2.1221,15.8531
332,638.5497,2.0492,15.7341
333,642.6586,2.0487,15.7417
334,643.0294,1.8874,15.8421
335,645.5712,1.979,15.8578
336,647.2438,1.7852,15.8327
337,647.8583,1.7569,15.9585
338,651.0667,2.2444,15.951
339,652.5615,1.7378,15.9737
340,655.8976,2.4304,15.9898
341,659.8939,2.1304,16.1907
342,659.5009,1.4306,16.0996
343,663.562,1.914,16.3343
344,660.7244,2.0037,16.2565
345,660.7358,1.7612,16.2463
346,664.1947,2.0448,16.4558
347,663.0104,2.0068,16.4808
348,664.0255,1.656,16.3581
349,668.0634,2.0307,16.6123
350,663.4639,1.4462,16.5163
351,667.7499,1.8914,16.7123
352,666.6164,1.8182,16.5598
353,670.2542,2.0515,16.792
354,673.78,2.0961,16.7358
355,674.8269,1.9948,16.8355
356,675.5538,2.1937,16.6718
357,679.267,2.0321,16.9145
358,681.6883,1.6977,16.7859
359,685.1657,2.3496,16.8583
360,689.5028,1.9225,16.8965
361,689.9869,1.7897,16.9711
362,692.6078,2.3547,16.93
363,696.8194,2.2658,17.1648
364,700.7566,2.17,17.0682
365,703.998,2.215,17.2725
366,704.7463,1.7861,17.1906
367,706.8973,2.2246,17.1703
368,706.9965,2.1036,17.2742
369,709.2248,2.3373,17.2305
370,711.5078,2.1853,17.2388
371,714.3777,1.975,17.2274
372,715.4471,1.7681,17.3291
373,718.2006,1.9417,17.3626
374,720.421,2.0938,17.4174
375,723.0482,1.848,17.3704
376,725.7645,2.3746,17.3953
377,730.0233,2.1985,17.588
378,732.5121,1.7842,17.4872
379,735.6334,1.8651,17.5244
380,739.0262,2.1056,17.5367
381,739.5389,1.7078,17.6365
382,742.2211,1.8622,17.7846
383,744.9169,2.1813,17.7071
384,746.6192,2.6363,17.7201
385,749.8262,2.2442,17.8963
386,750.5692,1.8116,17.9255
387,749.8206,1.865,17.9708
388,754.1006,2.2128,17.9554
389,753.3515,1.9294,17.9331
390,756.3193,2.4834,17.9571
391,760.8279,2.2386,18.1696
392,759.6208,1.6572,18.1131
393,763.9062,1.6456,18.3373
394,764.7869,1.7452,18.1389
395,765.4982,1.9554,18.2464
396,769.3076,2.2157,18.4022
397,769.2487,2.0154,18.4679
398,772.6904,2.2219,18.3642
399,774.882,2.3841,18.4262
400,778.5473,2.224,18.4617
401,782.5745,2.4188,18.7048
402,781.7711,2.0827,18.4796
403,787.6391,2.0093,18.6957
404,789.5295,1.6634,18.6236
405,788.041,1.4898,18.626
406,791.6395,2.2291,18.6717
407,795.7214,2.323,18.8502
408,794.5923,1.8376,18.8869
409,797.8712,2.2237,18.8494
410,798.614,1.697,18.8004
411,801.1699,2.159,18.8649
412,802.6569,1.6752,18.9798
413,805.5866,2.1162,19.005
414,805.6241,1.6,19.0999
415,807.6079,2.4336,19.036
416,811.31,2.1685,19.2557
417,816.0838,1.9865,19.2515
418,816.7504,1.7933,19.3136
419,819.9833,2.0507,19.2916
420,824.6059,2.1474,19.4336
421,826.1276,1.7178,19.332
422,826.5493,1.7941,19.3838
423,828.2938,1.8031,19.3779
424,830.7994,1.942,19.4342
425,834.8489,2.3892,19.6255
426,834.0479,2.1666,19.4821
427,837.9352,1.9351,19.6749
428,839.4264,2.0482,19.6112
429,839.2095,1.8654,19.6752
430,838.8835,1.7134,19.7152
431,840.7188,1.8394,19.7075
432,844.2251,2.2006,19.8874
433,845.5733,1.8032,19.8558
434,849.0167,2.2348,19.9503
435,849.5422,1.6912,19.9284
436,851.7111,2.1029,19.962
437,852.3643,1.6802,20.0097
438,855.5449,2.0687,20.0193
439,856.5104,1.9556,20.1598
440,858.2116,1.809,20.1402
441,864.278,2.2815,20.3339
442,859.7305,1.6747,20.2194
443,863.4327,1.9286,20.4056
444,862.7812,1.7791,20.4442
445,865.992,2.2776,20.4483
446,867.3073,1.7647,20.4803
447,868.9995,2.2559,20.4902
448,870.4744,1.6285,20.5484
449,873.7141,2.2345,20.5955
450,873.525,1.8605,20.6955
451,877.4014,2.3257,20.8634
452,877.6709,1.7998,20.7933
453,880.2825,2.1562,20.8153
454,881.0574,2.2554,20.6806
455,884.7421,2.2377,20.8823
456,881.5749,1.7012,20.7648
457,885.4835,1.794,20.9787
458,887.7272,2.2006,20.9772
459,888.9554,1.989,21.0412
460,892.549,1.9208,21.2157
461,893.1083,1.6901,21.1364
462,896.1456,2.139,21.1223
463,899.7443,1.4047,21.1655
464,901.1028,1.91,21.185
465,905.1682,2.0865,21.1978
466,906.3286,1.8217,21.337
467,908.3533,1.8954,21.3163
468,913.0145,2.2675,21.4979
469,912.8661,1.8062,21.4289
470,917.3559,1.9071,21.5928
471,912.6158,1.4489,21.5678
472,915.4828,2.0213,21.5799
473,917.5342,1.9537,21.6457
474,920.2565,2.0598,21.6238
475,920.7201,2.055,21.7686
476,922.4181,1.7124,21.7677
477,927.4991,2.2215,21.9642
478,929.6318,2.373,21.9743
479,929.8555,1.9583,21.9716
480,931.0566,1.2333,22.0159
481,934.2005,1.8651,22.0276
482,933.6675,1.8083,22.1232
483,936.6658,2.3788,22.0842
484,941.5544,2.3127,22.2271
485,945.0794,2.2971,22.1243
486,946.5002,1.9746,22.2376
487,951.0303,2.0955,22.3589
488,952.9093,1.8793,22.2648
489,952.3954,1.5196,22.2808
490,955.3125,2.0846,22.3311
491,960.2923,2.1831,22.4712
492,962.2164,2.2489,22.3369
493,965.2224,1.9838,22.3624
494,965.5858,1.6926,22.371
495,966.9484,1.2842,22.3774
496,970.097,2.1092,22.3959
497,969.871,1.7916,22.4896
498,975.5266,2.1819,22.6535
499,974.5118,2.2878,22.5343
500,979.5716,2.0007,22.7355
501,982.4619,2.114,22.6259
502,981.7055,1.7315,22.7452
503,984.6169,2.1578,22.7354
504,985.7964,2.3879,22.715
505,988.1722,2.0042,22.7652
506,988.6828,1.7107,22.8552
507,992.4787,2.0373,22.8541
508,993.3428,2.0554,22.9674
509,995.8961,1.9482,22.9702
510,1000.5118,2.0822,23.1872
511,1003.7502,2.4402,23.1491
512,1006.5029,1.9027,23.072
513,1010.1335,1.5278,23.0872
514,1010.8826,2.1139,23.1086
515,1015.3896,2.3591,23.2571
516,1013.9545,1.9168,23.2063
517,1013.1395,1.6278,23.193
518,1017.3507,2.1516,23.1857
519,1017.702,1.894,23.3313
520,1015.2673,1.4317,23.2596
521,1019.9279,2.2821,23.4814
522,1022.9811,2.065,23.459
523,1022.3028,1.779,23.5106
524,1025.5094,2.1055,23.5255
525,1029.9596,2.1662,23.6223
526,1031.0208,1.8564,23.589
527,1033.5891,2.3972,23.5785
528,1033.5386,1.799,23.6929
529,1032.8735,1.4269,23.7584
530,1036.639,2.1208,23.6919
531,1040.4827,2.2189,23.715
532,1040.4393,2.3862,23.72
533,1045.6199,2.2845,23.9132
534,1048.2546,1.8294,23.8589
535,1049.696,1.9289,23.8545
536,1054.3086,1.9565,23.9931
537,1055.6075,1.7039,23.9969
538,1053.5043,1.3835,23.9462
539,1056.7286,2.2772,24.0167
540,1061.1757,2.1986,24.1502
541,1063.3258,2.2856,24.047
542,1065.8207,2.2283,24.0919
543,1066.3729,1.9433,24.0968
544,1069.6063,1.9409,24.1233
545,1069.1095,2.0499,24.2095
546,1071.7107,2.0981,24.2386
547,1073.6589,2.3345,24.2068
548,1077.9862,2.1269,24.3775
549,1080.5375,2.3917,24.2519
550,1082.7671,2.1714,24.2826
551,1082.6937,2.0248,24.3867
552,1087.0149,2.334,24.5575
553,1089.0105,1.9919,24.4508
554,1092.1023,2.1393,24.409
555,1095.8291,2.1586,24.5633
556,1097.5459,1.8836,24.5455
557,1098.4347,2.0424,24.4889
558,1103.6035,2.1028,24.6958
559,1106.1873,2.1066,24.6449
560,1111.1365,1.9322,24.7254
561,1113.4994,1.9141,24.6179
562,1116.1473,2.2855,24.7008
563,1119.8365,1.9961,24.7051
564,1119.8728,1.7924,24.7774
565,1124.8817,2.1696,24.9468
566,1127.3339,1.6138,24.7813
567,1131.0573,2.1039,24.8336
568,1132.0372,2.5059,24.8224
569,1134.113,2.1934,24.8564
570,1133.658,1.836,24.946
571,1136.8152,2.0504,24.9553
572,1141.0399,2.3303,25.0659
573,1139.3044,1.7253,24.9882
574,1143.6893,2.3321,25.033
575,1144.2163,1.7932,25.0552
576,1145.2518,1.7288,25.0927
577,1144.0527,1.5465,25.1292
578,1147.7218,2.1984,25.1186
579,1148.1829,1.832,25.2362
580,1150.0151,2.0412,25.2456
581,1154.6674,2.168,25.4498
582,1158.8027,2.2597,25.3804
583,1160.2019,2.0256,25.4726
584,1161.6947,1.7452,25.4776
585,1163.2457,2.1916,25.5234
586,1167.358,2.4439,25.6518
587,1166.0177,1.7968,25.5919
588,1168.9437,1.7046,25.6064
589,1169.5427,1.7573,25.7009
590,1171.6815,1.9074,25.6503
591,1171.7054,1.5928,25.6271
592,1176.0165,2.3099,25.8191
593,1174.9823,1.9145,25.8671
594,1179.217,2.0536,25.8576
595,1178.0758,1.8031,25.9638
596,1178.2124,2.0062,25.887
597,1182.2695,2.3403,25.9707
598,1185.8156,2.1778,26.0385
599,1190.0907,2.1097,26.1589
600,1190.4408,1.6934,26.114
601,1194.8881,1.8508,26.2874
602,1189.1074,1.6239,26.1841
603,1191.085,2.0889,26.1622
604,1191.7843,1.6898,26.2023
605,1196.0918,2.2175,26.2817
606,1194.8215,1.8107,26.3427
607,1197.2648,1.9581,26.3819
608,1198.7313,2.3453,26.402
609,1203.7062,2.1104,26.5511
610,1205.8301,1.9722,26.4655
611,1209.2949,2.1901,26.4959
612,1210.3787,1.5499,26.4398
613,1211.3779,1.0872,26.4729
614,1215.6289,1.757,26.5443
615,1214.3964,1.5949,26.6229
616,1216.8379,1.6899,26.6509
617,1218.325,2.4631,26.6928
618,1221.879,2.0795,26.8213
619,1227.3868,2.0689,26.7408
620,1229.5182,2.2813,26.7503
621,1234.6964,2.0428,26.9056
622,1237.6493,2.0358,26.9344
623,1241.8408,2.158,27.0506
624,1238.9426,1.8169,26.9883
625,1243.0394,2.2917,26.929
626,1245.1586,1.9728,26.9213
627,1243.718,1.5843,26.9419
628,1242.2625,2.0992,27.0674
629,1244.7152,1.8886,27.0374
630,1249.0033,2.2444,27.209
631,1252.7533,2.4201,27.198
632,1254.5431,2.3002,27.1432
633,1256.2056,1.72,27.1499
634,1259.9551,2.1322,27.2144
635,1263.6559,1.389,27.2416
636,1264.4276,1.6975,27.2351
637,1267.5146,1.9099,27.2792
638,1268.356,2.2876,27.2162
639,1272.0225,2.5323,27.4074
640,1273.7335,2.4765,27.3445
641,1276.5814,2.3345,27.3858
642,1279.2085,1.4708,27.4308
643,1280.198,2.0935,27.4009
644,1284.0168,2.2429,27.6
645,1283.0094,2.0147,27.5108
646,1287.3713,1.8225,27.6918
647,1291.5215,1.8607,27.6457
648,1291.7128,1.8143,27.7479
649,1292.5626,2.0326,27.6653
650,1298.3374,2.2924,27.8333
651,1303.5121,2.192,27.7816
652,1305.2891,2.3309,27.7749
653,1310.5713,2.2414,27.9283
654,1309.3315,1.988,27.8959
655,1313.0923,2.0485,27.9001
656,1313.6871,2.4687,27.8601
657,1317.0634,2.3144,27.9348
658,1314.8689,2.0548,28.0264
659,1316.6672,1.9508,28.0337
660,1321.2308,2.0392,28.1844
661,1320.9161,1.8117,28.1564
662,1324.7888,2.2103,28.1668
663,1326.6473,1.8904,28.1539
664,1328.8768,1.8585,28.1109
665,1327.686,1.4864,28.1541
666,1329.2322,1.8892,28.2163
667,1333.2412,2.197,28.354
668,1336.0682,2.0049,28.3241
669,1337.5192,2.382,28.351
670,1340.4507,2.3495,28.3324
671,1340.9984,2.0182,28.4745
672,1343.739,1.8871,28.4509
673,1347.9408,2.275,28.6408
674,1346.6683,2.0275,28.6483
675,1349.4587,2.2635,28.5783
676,1351.2546,1.6113,28.5864
677,1353.2047,2.3526,28.6308
678,1354.0719,1.7712,28.7153
679,1357.6234,1.8762,28.7726
680,1357.6078,1.773,28.8512
681,1362.918,2.0639,28.9757
682,1364.3845,1.8553,28.8245
683,1368.0612,2.0442,28.847
684,1369.0529,2.0048,28.8768
685,1371.9714,2.3345,28.8627
686,1376.1178,2.1392,29.0339
687,1373.5942,1.9038,28.9411
688,1378.431,1.9238,29.1126
689,1378.9014,1.4672,29.0421
690,1381.1738,2.0239,29.0751
691,1381.8938,2.2653,29.0957
692,1382.636,1.6977,29.1485
693,1379.7906,1.968,29.2275
694,1382.432,1.8515,29.2246
695,1387.1727,2.2753,29.3349
696,1389.9825,2.1115,29.3101
697,1389.1041,1.8472,29.405
698,1392.6217,2.3398,29.4218
699,1395.6157,1.9376,29.4107
700,1396.4685,1.6585,29.5497
701,1396.9572,1.9869,29.4159
702,1400.5649,2.3019,29.6115
703,1402.2242,1.8211,29.5632
704,1400.8103,1.5148,29.5813
705,1404.6473,2.1706,29.6457
706,1408.9755,2.1503,29.7852
707,1404.9504,1.5676,29.5678
708,1404.4821,1.6644,29.6986
709,1409.25,2.1484,29.6807
710,1411.0703,1.7665,29.7622
711,1415.4904,1.8812,29.7623
712,1417.7898,2.2828,29.8154
713,1417.844,1.6518,29.8468
714,1421.8456,2.0378,29.9836
715,1422.2108,1.9712,29.8398
716,1423.2399,2.402,29.8928
717,1422.6208,1.9323,29.9455
718,1426.2272,2.3671,29.9966
719,1428.208,2.1764,30.0319
720,1432.1332,2.1087,30.1665
721,1432.1086,1.6941,30.0982
722,1435.9844,2.0197,30.2332
723,1433.8921,1.4498,30.1149
724,1438.0341,1.7813,30.2807
725,1436.3063,1.2131,30.1737
726,1440.7115,1.8035,30.3376
727,1439.2302,1.5325,30.2945
728,1443.3866,1.9809,30.4495
729,1441.2008,1.4554,30.3835
730,1445.4823,1.7818,30.4847
731,1440.6052,1.9731,30.453
732,1444.5559,2.2727,30.4977
733,1445.8832,2.1629,30.4579
734,1445.9373,1.8807,30.515
735,1445.6487,1.819,30.5825
736,1451.2638,2.1259,30.5461
737,1453.8971,1.9452,30.5503
738,1454.6443,1.8095,30.5991
739,1459.2882,2.0792,30.5726
740,1461.1066,2.076,30.6524
741,1462.2698,1.8889,30.7381
742,1467.0377,2.2641,30.8667
743,1464.9171,1.7014,30.8004
744,1468.7599,1.8062,30.9275
745,1467.6359,1.2851,30.8927
746,1472.0161,1.6969,31.0175
747,1469.5468,1.0749,30.9106
748,1474.4525,2.0462,31.0215
749,1472.6967,1.3427,30.9817
750,1476.5116,2.2038,31.118
751,1470.7242,1.5186,31.0522
752,1472.8031,2.2334,31.0993
753,1473.7117,1.6054,31.0986
754,1477.967,1.9375,31.1429
755,1477.798,1.7703,31.2609
756,1480.2024,1.7726,31.2291
757,1482.9838,2.3642,31.2277
758,1487.3202,2.1431,31.3707
759,1490.7357,2.0145,31.3405
760,1494.8464,2.0846,31.3691
761,1496.024,1.555,31.4079
762,1496.5112,1.1306,31.4351
763,1499.7529,1.8072,31.4797
764,1499.9825,1.7053,31.604
765,1502.9098,1.8395,31.5455
766,1505.4688,2.111,31.5253
767,1509.5459,1.9951,31.6671
768,1513.4188,2.0348,31.6385
769,1515.6787,1.9623,31.6238
770,1519.079,1.9864,31.7528
771,1522.5312,1.9382,31.7378
772,1526.7441,2.0766,31.8045
773,1526.1208,2.0737,31.7231
774,1529.7617,2.2275,31.7528
775,1529.8153,1.9365,31.8241
776,1532.3376,1.8649,31.7797
777,1535.9855,2.0486,31.8062
778,1540.7836,2.3192,31.9022
779,1537.462,1.6572,31.8881
780,1540.4235,1.8213,31.906
781,1541.6875,1.6256,31.9991
782,1544.0684,1.954,31.9054
783,1545.5988,1.8268,31.91
784,1549.5917,2.0322,32.0822
785,1547.1553,2.3466,32.0248
786,1552.0465,1.9086,32.1847
787,1551.2168,1.884,32.13
788,1555.8818,2.168,32.1169
789,1557.024,1.8413,32.1514
790,1556.1115,1.5885,32.1949
791,1561.5027,2.2117,32.3607
792,1564.3313,2.0747,32.3383
793,1568.5725,2.0086,32.4232
794,1571.1221,1.6002,32.2969
795,1574.0787,2.0071,32.3174
796,1573.8326,2.4183,32.2925
797,1575.7278,1.9485,32.3469
798,1579.5594,2.1867,32.4966
799,1578.1229,1.9856,32.4893
800,1581.8041,2.2732,32.5236
801,1582.9771,1.986,32.5813
802,1585.0663,1.9469,32.5035
803,1585.9363,1.8927,32.5574
804,1585.7975,1.4534,32.5928
805,1589.8259,2.0578,32.7148
806,1593.0204,1.7539,32.673
807,1595.8936,1.9233,32.6472
808,1600.4349,2.2108,32.8046
809,1602.0292,2.0,32.7995
810,1604.1016,2.1796,32.8026
811,1609.6995,2.2228,32.9444
812,1610.7188,1.9076,32.8426
813,1610.5273,1.9008,32.8437
814,1614.6122,2.1608,33.0082
815,1615.595,1.7382,32.9998
816,1619.8201,2.13,33.0049
817,1620.1343,1.9815,33.0693
818,1622.0585,1.9316,33.0398
819,1625.2831,2.174,33.0091
820,1625.874,1.9032,33.0531
821,1629.326,2.23,33.1305
822,1631.0527,1.8971,33.1272
823,1631.3699,1.6869,33.1942
824,1634.5417,2.2551,33.2214
825,1636.7754,2.3266,33.1996
826,1641.1415,2.1744,33.3478
827,1640.7699,1.6831,33.302
828,1645.3523,1.9391,33.4543
829,1644.8569,2.0263,33.4425
830,1643.6217,1.4522,33.4077
831,1647.8296,1.8896,33.5425
832,1652.2255,1.9411,33.4977
833,1652.9889,1.8275,33.5722
834,1657.759,1.8245,33.7111
835,1650.8472,1.5067,33.6622
836,1655.7042,1.9061,33.7969
837,1659.8262,2.2408,33.7888
838,1660.6021,1.9361,33.8517
839,1660.4425,2.1244,33.7656
840,1665.9175,2.127,33.9355
841,1664.687,1.8621,33.8839
842,1668.4026,2.2223,33.9271
843,1673.0055,2.1985,33.9161
844,1675.1476,2.0868,33.9382
845,1674.1385,1.6845,33.9396
846,1677.9183,2.2204,33.968
847,1678.8425,2.0243,34.1115
848,1681.5135,1.7017,34.0806
849,1685.468,2.1256,34.1852
850,1688.1238,2.0447,34.0991
851,1690.7496,1.7421,34.1155
852,1695.0332,2.2141,34.2648
853,1696.5922,1.7301,34.2378
854,1699.0574,2.267,34.2797
855,1704.3812,2.4059,34.3618
856,1703.1621,1.8613,34.294
857,1707.2343,2.1093,34.4499
858,1705.4429,1.5191,34.408
859,1709.5441,1.9365,34.555
860,1710.6642,1.895,34.5431
861,1716.1418,1.9568,34.6693
862,1717.4902,2.1226,34.6153
863,1721.3391,2.1482,34.5983
864,1720.5194,2.0041,34.6808
865,1722.0872,2.217,34.7231
866,1724.1121,1.9478,34.7347
867,1723.728,1.8574,34.8226
868,1727.6107,1.9777,34.7978
869,1727.9447,1.6395,34.7972
870,1729.5472,2.2109,34.7741
871,1734.1707,2.2926,34.9377
872,1732.8353,1.642,34.8801
873,1737.1173,1.9934,35.0351
874,1734.5099,2.0612,35.0209
875,1731.264,1.6458,35.0286
876,1736.3268,1.8561,35.1661
877,1736.0735,1.4928,35.0747
878,1740.4263,2.1017,35.2251
879,1737.6404,1.9494,35.2326
880,1737.1188,1.8572,35.2318
881,1742.4011,2.131,35.3762
882,1741.8843,1.953,35.3793
883,1743.7864,1.501,35.3421
884,1747.8345,2.0543,35.4791
885,1743.3811,1.5884,35.4274
886,1747.8108,1.7749,35.5538
887,1746.9412,1.9379,35.5228
888,1751.8478,1.917,35.6388
889,1753.8361,1.9624,35.6348
890,1753.4698,1.9712,35.6464
891,1754.8455,1.8148,35.681
892,1753.6666,1.4659,35.6768
893,1755.0553,2.1975,35.7315
894,1758.2898,1.9071,35.7317
895,1760.7946,1.9604,35.7671
896,1758.1321,1.5657,35.7673
897,1763.2173,2.3065,35.9034
898,1764.58,1.9177,35.9207
899,1763.4604,1.5232,35.9548
900,1767.1284,2.1866,36.0078
901,1770.6068,2.3412,36.0845
902,1770.0083,2.1118,36.096
903,1772.1969,2.2403,36.0793
904,1774.2806,1.6197,36.0855
905,1775.4089,2.2299,36.0992
906,1776.1663,1.6855,36.1557
907,1779.3959,2.1192,36.2271
908,1779.1294,1.7296,36.2543
909,1781.1552,2.3028,36.2376
910,1785.6853,2.2162,36.3544
911,1786.6815,2.016,36.3825
912,1790.4042,2.3141,36.3717
913,1793.2253,1.8492,36.3875
914,1795.3524,1.7167,36.4243
915,1794.8243,1.6364,36.423
916,1796.0029,1.5292,36.4677
917,1799.8112,2.2847,36.5926
918,1804.0881,1.9478,36.5367
919,1805.6378,2.0741,36.6072
920,1810.6886,2.0348,36.6782
921,1810.9059,1.8473,36.6388
922,1813.0536,2.307,36.6678
923,1814.5339,1.5448,36.6683
924,1815.9526,2.3717,36.7407
925,1817.2351,1.6701,36.7683
926,1820.2003,2.0788,36.8207
927,1819.9673,1.7896,36.8405
928,1825.8683,2.1357,36.9327
929,1827.7155,1.9046,36.8759
930,1831.5894,2.2434,36.8838
931,1833.0997,1.8244,36.9041
932,1835.1726,2.3,36.9301
933,1839.0002,2.0434,37.0762
934,1841.8688,2.0628,37.0801
935,1841.2931,1.7326,37.1444
936,1844.2239,2.0515,37.1454
937,1849.5773,2.0171,37.235
938,1853.0657,1.9133,37.1202
939,1855.278,2.3498,37.1122
940,1857.9329,1.9701,37.1398
941,1859.8079,1.9925,37.1517
942,1858.9635,2.0129,37.2199
943,1859.0271,1.4824,37.2601
944,1861.4248,1.811,37.2393
945,1865.011,2.1572,37.3611
946,1864.6792,2.1772,37.3668
947,1862.8259,1.6517,37.3847
948,1867.3308,2.0431,37.4965
949,1867.226,1.7047,37.455
950,1871.8981,2.0375,37.5653
951,1871.1365,2.1145,37.5684
952,1868.988,1.3992,37.5948
953,1873.4801,2.1444,37.7093
954,1873.8237,1.8427,37.7506
955,1874.4102,1.7292,37.7082
956,1878.2664,2.3217,37.7955
957,1877.6095,1.6743,37.7866
958,1881.4697,1.76,37.9231
959,1880.2751,1.6931,37.9309
960,1885.7999,1.9261,38.0237
961,1883.7791,1.5153,37.9841
962,1888.6644,2.2074,38.1039
963,1886.7343,1.9234,38.0654
964,1886.5247,1.4985,38.0621
965,1890.302,1.9763,38.1559
966,1893.6858,2.05,38.1586
967,1894.8331,2.1227,38.248
968,1899.8188,2.0857,38.32
969,1893.9207,1.6048,38.3448
970,1899.2826,1.6567,38.4637
971,1897.9805,1.8535,38.4851
972,1900.6505,2.2691,38.4401
973,1901.8381,2.1163,38.5347
974,1903.7086,1.8297,38.5257
975,1909.637,2.2564,38.6163
976,1911.4409,2.3528,38.6073
977,1912.4875,2.0173,38.7006
978,1912.6404,2.2886,38.6324
979,1918.8138,2.0671,38.73
980,1917.9689,1.7334,38.6806
981,1921.6646,2.0999,38.7294
982,1925.9172,2.1054,38.7147
983,1928.2256,1.9236,38.724
984,1926.3702,1.5547,38.7509
985,1930.9171,2.1593,38.8618
986,1931.6886,1.7709,38.8275
987,1937.2959,1.8871,38.9179
988,1937.7925,1.7506,38.9119
989,1936.6467,1.573,38.8953
990,1937.9269,1.7417,38.9316
991,1942.707,2.0648,38.9561
992,1941.5767,1.6869,38.8786
993,1946.3367,2.0673,38.9594
994,1945.0371,1.5125,38.9555
995,1949.3169,1.928,39.0722
996,1949.6826,2.0219,39.0914
997,1954.1672,2.1183,39.1735
998,1955.2743,1.9577,39.1938
999,1954.8439,1.7286,39.1489
1000,1956.7229,1.7828,39.203
