t,vla_S,la_S,vla_A
1,6.2923,79.5686,113.0753
2,7.7053,125.7218,113.0136
3,8.6898,170.4213,112.9519
4,8.6903,186.9372,112.8908
5,9.4523,194.531,112.8296
6,10.5234,201.2988,112.768
7,11.8895,223.2475,112.7077
8,12.8292,233.2478,112.6468
9,12.4771,262.0193,112.5861
10,12.9681,281.5147,112.5263
11,12.9692,300.1932,112.4689
12,13.4431,324.0309,112.4094
13,14.276,321.8838,112.3499
14,14.8639,334.4239,112.2898
15,15.1451,355.8644,112.2302
16,15.5679,372.1972,112.1708
17,15.9772,369.1853,112.1131
18,15.6971,369.4494,112.0529
19,16.0532,373.4553,111.9953
20,16.5864,380.4411,111.9507
21,16.9219,403.2523,111.892
22,17.0101,413.2502,111.8334
23,17.4088,427.5465,111.7769
24,17.7321,440.1089,111.7185
25,17.909,443.3044,111.6625
26,18.3422,462.5626,111.6061
27,19.0563,462.1861,111.5513
28,19.2088,463.8646,111.4944
29,19.3014,472.2501,111.4398
30,20.1016,510.1361,111.3854
31,20.1508,519.7468,111.3294
32,20.6053,536.1073,111.2718
33,20.7528,548.3155,111.2159
34,21.0484,557.5836,111.1599
35,21.4243,570.1977,111.1069
36,21.4916,581.6588,111.0483
37,21.6734,607.5168,110.9962
38,21.848,606.1654,110.9405
39,22.2547,625.3524,110.8849
40,22.7823,643.2766,110.841
41,23.0432,641.257,110.7874
42,23.2081,647.1141,110.7309
43,23.6136,641.7231,110.6799
44,23.9512,642.176,110.6275
45,24.3858,641.1804,110.5732
46,24.238,638.6492,110.5234
47,24.3217,641.2424,110.472
48,24.6404,672.0033,110.4207
49,25.3496,676.0354,110.369
50,25.2757,681.9645,110.3147
51,25.583,686.636,110.263
52,25.8191,702.9573,110.2121
53,25.9332,712.0867,110.1593
54,26.1057,727.6144,110.1085
55,26.3249,743.5682,110.0573
56,26.5818,750.6187,110.0035
57,26.6611,752.5923,109.9554
58,26.8766,760.7705,109.9052
59,27.2077,778.6858,109.8567
60,27.5402,769.7191,109.8188
61,27.743,770.1959,109.768
62,27.9748,771.5073,109.7183
63,28.223,764.2129,109.6679
64,28.5193,775.4922,109.6148
65,28.755,783.5263,109.5627
66,28.8262,799.7527,109.5154
67,29.2816,805.4619,109.4649
68,29.3055,814.165,109.4144
69,29.4918,822.9191,109.3647
70,29.7637,834.063,109.3146
71,30.1346,841.5121,109.2662
72,30.1398,851.9625,109.2226
73,30.2325,870.7094,109.175
74,30.3702,883.0475,109.1249
75,30.807,895.2526,109.074
76,31.0055,900.8716,109.0218
77,31.1168,913.7486,108.9772
78,31.4019,919.6434,108.935
79,31.6391,920.6717,108.8886
80,32.0421,919.0222,108.8535
81,32.3721,939.8708,108.8081
82,32.5205,952.0635,108.7611
83,32.7045,957.1436,108.7129
84,33.0686,960.7293,108.67
85,33.3008,980.2881,108.6248
86,33.4829,993.4946,108.5817
87,33.5061,996.9199,108.5359
88,33.8258,991.893,108.491
89,34.2789,1003.8281,108.4461
90,34.4206,1004.0169,108.398
91,34.7904,1023.7547,108.3527
92,34.8271,1022.3902,108.3099
93,35.1326,1040.0673,108.2641
94,35.2469,1036.4771,108.2182
95,35.5165,1039.7378,108.1735
96,35.9804,1057.2633,108.1325
97,36.0511,1057.1379,108.0855
98,36.0993,1061.6697,108.0385
99,36.2598,1049.1589,107.9883
100,36.5111,1065.1571,107.9549
101,36.8263,1080.0476,107.914
102,36.8951,1083.3475,107.8694
103,37.0394,1086.6896,107.8267
104,37.638,1103.5325,107.7863
105,37.7836,1110.0824,107.7487
106,37.9472,1124.8574,107.7037
107,38.3318,1137.9575,107.6641
108,38.3401,1145.684,107.6216
109,38.5239,1155.4465,107.5786
110,38.7709,1166.338,107.5353
111,38.7784,1175.9728,107.4927
112,38.8533,1184.754,107.4495
113,39.1187,1194.4045,107.4018
114,39.4112,1203.835,107.3546
115,39.5695,1206.8076,107.3104
116,39.7225,1208.9844,107.2688
117,39.8112,1219.8394,107.2243
118,40.0256,1217.3446,107.1805
119,40.1432,1220.5486,107.1371
120,40.3794,1226.8143,107.1087
121,40.5163,1239.8514,107.0637
122,40.7563,1244.8046,107.0246
123,40.8217,1260.1497,106.9847
124,41.0775,1275.8453,106.9478
125,41.4782,1277.2168,106.9062
126,41.5366,1273.5378,106.8615
127,41.7985,1273.965,106.8181
128,41.8906,1282.49,106.7742
129,41.9807,1288.3602,106.7295
130,42.0347,1294.3694,106.6916
131,42.3757,1294.7051,106.646
132,42.5332,1309.8319,106.6012
133,42.7677,1311.7649,106.5623
134,42.8207,1321.4323,106.5265
135,43.0091,1326.0275,106.4889
136,43.1846,1328.7689,106.4492
137,43.2394,1332.1769,106.4119
138,43.4034,1332.1462,106.3762
139,43.5065,1334.2926,106.336
140,43.7956,1336.1769,106.3055
141,43.8873,1345.8079,106.2704
142,44.0125,1353.8604,106.2334
143,44.161,1358.5719,106.1932
144,44.4052,1368.1067,106.1526
145,44.5607,1373.3444,106.1127
146,44.8016,1390.824,106.075
147,44.9247,1410.8514,106.0296
148,44.9855,1426.3271,105.9897
149,45.163,1446.563,105.9534
150,45.2696,1455.9749,105.9166
151,45.414,1453.5732,105.8776
152,45.5752,1452.1309,105.8394
153,45.6989,1459.88,105.7993
154,45.8332,1473.2832,105.7655
155,45.809,1475.5433,105.7299
156,46.0601,1474.1168,105.693
157,46.2461,1477.5229,105.6596
158,46.3741,1489.7368,105.6228
159,46.4903,1492.798,105.585
160,46.4989,1500.3832,105.5628
161,46.6827,1505.8982,105.5285
162,46.8123,1515.3303,105.4962
163,47.0507,1530.5426,105.4588
164,47.1397,1544.0649,105.4266
165,47.2093,1560.3248,105.3893
166,47.2715,1570.333,105.3542
167,47.4099,1583.4917,105.3158
168,47.6252,1583.2336,105.2778
169,47.9773,1587.0027,105.2447
170,48.0329,1588.2059,105.2058
171,48.0158,1601.3823,105.1671
172,48.2262,1623.4899,105.1313
173,48.3532,1619.3822,105.0953
174,48.4602,1628.3446,105.0614
175,48.5136,1636.3652,105.0208
176,48.6337,1640.7249,104.9896
177,48.8772,1648.0032,104.952
178,49.052,1668.8126,104.9163
179,49.0347,1671.9763,104.8825
180,49.3642,1687.7937,104.8556
181,49.4705,1697.3519,104.8227
182,49.5579,1705.1478,104.7868
183,49.8619,1721.0649,104.7527
184,49.8369,1728.3242,104.7173
185,50.0436,1744.8715,104.6791
186,50.3685,1753.5804,104.6379
187,50.4351,1761.2791,104.6025
188,50.6044,1768.9482,104.5661
189,50.7018,1793.5004,104.5278
190,50.775,1804.7737,104.4917
191,50.8642,1818.7041,104.4559
192,51.0147,1832.2649,104.4209
193,51.0758,1845.6499,104.3913
194,51.2102,1864.5184,104.3558
195,51.2823,1860.3053,104.3294
196,51.3414,1883.2556,104.2974
197,51.4891,1886.6683,104.2659
198,51.5644,1897.6239,104.2281
199,51.6048,1900.1676,104.1936
200,51.6813,1904.5079,104.1722
201,51.8231,1920.8922,104.1405
202,51.906,1929.8042,104.1089
203,51.9866,1924.5355,104.075
204,52.0721,1933.1619,104.0423
205,52.2516,1943.515,104.0154
206,52.3297,1949.8857,103.9812
207,52.3906,1960.2788,103.9505
208,52.7674,1968.3359,103.9161
209,52.8142,1982.4684,103.8846
210,52.9074,1990.8348,103.8514
211,53.0546,1999.313,103.8208
212,53.1847,1999.9672,103.788
213,53.3097,2004.184,103.7565
214,53.5126,2014.7576,103.7242
215,53.6458,2028.4674,103.6901
216,53.7611,2025.7302,103.6543
217,53.8517,2029.3281,103.6237
218,53.9878,2035.2279,103.5888
219,54.1827,2033.858,103.5533
220,54.1988,2038.9926,103.5336
221,54.341,2039.5428,103.501
222,54.4599,2050.3103,103.468
223,54.6526,2062.5833,103.4377
224,54.904,2072.8059,103.4071
225,55.003,2087.7158,103.377
226,55.0764,2110.5381,103.3396
227,55.226,2124.0552,103.3043
228,55.1971,2128.9995,103.2719
229,55.3967,2136.01,103.2418
230,55.5869,2138.8069,103.2068
231,55.6273,2144.144,103.1796
232,55.6891,2150.1482,103.1515
233,55.8102,2154.4673,103.1197
234,55.9967,2163.7151,103.089
235,56.1545,2155.8682,103.0527
236,56.269,2168.0754,103.0171
237,56.4347,2185.0017,102.9906
238,56.4696,2192.8945,102.9535
239,56.6021,2209.585,102.9245
240,56.6977,2205.2256,102.9001
241,56.7767,2201.2913,102.8674
242,56.8936,2192.0105,102.84
243,57.0356,2198.8147,102.8088
244,57.1164,2206.9304,102.7727
245,57.2545,2215.9692,102.7405
246,57.428,2227.6919,102.7066
247,57.5074,2239.249,102.6744
248,57.599,2249.9893,102.6399
249,57.7951,2257.4797,102.6132
250,57.8577,2267.1565,102.5814
251,57.9656,2264.5762,102.5503
252,58.0471,2280.1196,102.5211
253,58.1862,2295.1128,102.4917
254,58.2705,2298.9504,102.4665
255,58.3026,2305.7505,102.4386
256,58.5669,2307.9583,102.4066
257,58.6283,2309.1726,102.3725
258,58.8939,2325.5793,102.3402
259,58.9607,2350.1052,102.3136
260,59.0595,2349.4016,102.2975
261,59.1993,2362.4109,102.2687
262,59.3719,2363.7734,102.2368
263,59.4076,2368.0281,102.2069
264,59.4944,2366.1943,102.1758
265,59.6306,2375.6191,102.1437
266,59.7214,2388.3501,102.1105
267,59.7098,2397.0381,102.0867
268,59.9677,2413.2708,102.0581
269,60.035,2421.2717,102.0307
270,60.0336,2427.4763,101.9998
271,60.1406,2439.3594,101.9747
272,60.285,2451.2864,101.9453
273,60.4655,2456.0566,101.9142
274,60.505,2471.7766,101.8878
275,60.617,2489.4409,101.8585
276,60.797,2505.5798,101.8336
277,60.8436,2528.8916,101.8041
278,60.9806,2535.9502,101.7764
279,61.1017,2545.3521,101.7494
280,61.1732,2555.5366,101.7295
281,61.3318,2553.8774,101.7004
282,61.4507,2561.7505,101.6731
283,61.5536,2571.5981,101.6432
284,61.7534,2578.4355,101.6162
285,61.793,2579.5923,101.5835
286,61.8484,2577.7463,101.5539
287,61.965,2577.0759,101.5288
288,62.0676,2580.2871,101.4989
289,62.2452,2574.4241,101.4725
290,62.3167,2579.564,101.4401
291,62.5518,2581.748,101.4162
292,62.5725,2598.8105,101.3866
293,62.7298,2592.0186,101.3549
294,62.7557,2602.4749,101.3242
295,62.8453,2614.0176,101.2998
296,62.9007,2615.4834,101.2774
297,62.9892,2616.9624,101.2472
298,63.0722,2618.4717,101.2217
299,63.1388,2628.1882,101.1959
300,63.3003,2634.2346,101.1789
301,63.4698,2651.8184,101.1499
302,63.5324,2662.4834,101.1186
303,63.6717,2662.9978,101.091
304,63.7616,2661.8586,101.0667
305,63.7932,2662.4971,101.0398
306,63.9707,2670.6113,101.0162
307,63.9991,2674.4263,100.9907
308,64.0736,2670.364,100.9661
309,64.0906,2670.3853,100.9428
310,64.3045,2680.4353,100.9194
311,64.384,2678.1951,100.893
312,64.4662,2683.3945,100.8648
313,64.7189,2692.7871,100.8417
314,64.7711,2690.0212,100.8158
315,64.9633,2703.1028,100.7949
316,65.0594,2710.2029,100.7733
317,65.1875,2726.9851,100.7464
318,65.2924,2737.9912,100.7199
319,65.4958,2747.5776,100.6936
320,65.4702,2753.5901,100.6816
321,65.6048,2775.7351,100.657
322,65.6513,2780.9131,100.635
323,65.7492,2786.1758,100.6097
324,65.829,2790.9443,100.5815
325,66.0055,2803.6819,100.5571
326,66.1244,2810.1616,100.5249
327,66.1767,2820.3499,100.4965
328,66.1828,2826.6055,100.4725
329,66.3953,2845.1785,100.4459
330,66.4778,2845.4102,100.4241
331,66.5854,2845.7881,100.3998
332,66.6563,2848.4109,100.3758
333,66.79,2856.9487,100.3505
334,66.824,2874.7156,100.3289
335,66.9141,2887.4734,100.3042
336,67.0647,2903.8501,100.2839
337,67.1596,2906.9392,100.2605
338,67.224,2905.677,100.2324
339,67.331,2904.8989,100.2107
340,67.5653,2910.7327,100.1997
341,67.7147,2908.1489,100.1733
342,67.9037,2902.032,100.1443
343,67.9471,2919.8901,100.1171
344,68.1018,2926.96,100.0955
345,68.2,2926.792,100.0677
346,68.3827,2935.72,100.0493
347,68.5854,2950.3904,100.0239
348,68.6369,2967.7661,99.9998
349,68.8267,2973.7222,99.9801
350,68.9197,2986.0051,99.952
351,68.9107,2992.0537,99.93
352,68.9586,2999.5193,99.9024
353,69.0353,3003.0056,99.878
354,69.2214,2998.0,99.851
355,69.2509,3003.2854,99.8261
356,69.3686,3010.2056,99.8007
357,69.4495,3010.3064,99.7754
358,69.5722,3010.2205,99.7492
359,69.6522,3008.2212,99.7257
360,69.7399,3018.1692,99.7126
361,69.8842,3033.0361,99.6811
362,69.9511,3041.4089,99.6614
363,70.0668,3052.4973,99.6381
364,70.1201,3061.4775,99.6162
365,70.1565,3062.5525,99.5943
366,70.2356,3071.0354,99.563
367,70.3132,3078.6797,99.533
368,70.4674,3076.9941,99.5073
369,70.5253,3089.0474,99.4816
370,70.6163,3099.9199,99.4589
371,70.6477,3110.3103,99.4344
372,70.7859,3111.2419,99.4118
373,70.8913,3124.22,99.3916
374,70.9711,3136.886,99.367
375,71.1989,3127.811,99.3416
376,71.2253,3133.6936,99.3132
377,71.3299,3137.3872,99.2912
378,71.4149,3149.4834,99.2675
379,71.4995,3159.6587,99.2421
380,71.5875,3162.7817,99.2281
381,71.6747,3166.2576,99.2022
382,71.7627,3181.2212,99.1857
383,71.8162,3177.1206,99.1552
384,71.9913,3189.2876,99.1389
385,72.0794,3193.4673,99.1189
386,72.2053,3201.2529,99.094
387,72.2438,3203.1887,99.0697
388,72.3193,3208.1479,99.0452
389,72.3354,3218.8611,99.0247
390,72.3901,3222.231,99.0029
391,72.5293,3237.25,98.9815
392,72.6961,3258.427,98.9555
393,72.6843,3270.0928,98.9311
394,72.6664,3283.8091,98.9118
395,72.8376,3299.5664,98.8868
396,72.8477,3303.072,98.8623
397,72.962,3310.561,98.8367
398,72.9336,3326.6162,98.8161
399,73.2193,3331.0698,98.7922
400,73.1658,3339.6416,98.7825
401,73.2654,3349.5178,98.7597
402,73.3123,3369.6838,98.7341
403,73.4363,3388.6331,98.7118
404,73.6049,3392.4785,98.6873
405,73.5762,3395.2812,98.6647
406,73.6833,3410.0229,98.642
407,73.7246,3418.623,98.6139
408,73.8743,3423.9585,98.5942
409,73.9498,3443.8789,98.5746
410,73.9546,3446.5574,98.551
411,74.0308,3452.7529,98.5229
412,74.1917,3460.886,98.5035
413,74.2993,3473.4719,98.4827
414,74.4191,3487.5723,98.4582
415,74.447,3490.1646,98.4376
416,74.4955,3502.7764,98.4146
417,74.6636,3508.345,98.3953
418,74.7521,3515.0159,98.3699
419,74.9137,3509.7231,98.3454
420,74.9587,3508.123,98.3363
421,75.0002,3509.0183,98.3146
422,75.1843,3509.302,98.2899
423,75.2075,3517.3306,98.268
424,75.2881,3519.7644,98.2446
425,75.5138,3530.1636,98.2251
426,75.5658,3539.5422,98.2022
427,75.7076,3548.1399,98.1762
428,75.7754,3565.2822,98.1539
429,75.8321,3578.1016,98.1272
430,75.9306,3585.9302,98.1034
431,76.0175,3596.3562,98.0829
432,76.0697,3607.7644,98.0601
433,76.1851,3608.8735,98.0397
434,76.3446,3626.6208,98.0194
435,76.5452,3639.6455,98.0004
436,76.4547,3653.5156,97.9831
437,76.5214,3673.2119,97.9639
438,76.6661,3696.2676,97.9451
439,76.7815,3714.624,97.9245
440,76.7829,3726.7883,97.9104
441,76.8945,3737.9373,97.8914
442,76.8953,3747.3743,97.8714
443,76.9234,3756.7595,97.8485
444,77.0905,3764.9358,97.8316
445,77.1479,3774.9451,97.8124
446,77.1945,3779.5447,97.7932
447,77.2654,3794.4392,97.7753
448,77.3546,3793.824,97.7574
449,77.3785,3804.0488,97.7399
450,77.45,3807.8716,97.7182
451,77.5547,3806.2114,97.6985
452,77.6417,3811.1472,97.68
453,77.8201,3806.8735,97.6536
454,77.824,3816.1414,97.631
455,77.9026,3809.886,97.613
456,78.0138,3804.2048,97.5887
457,78.0966,3824.4304,97.5652
458,78.1099,3836.1052,97.547
459,78.1606,3842.3533,97.5253
460,78.1989,3856.3704,97.5156
461,78.2649,3857.4153,97.4991
462,78.2982,3857.2161,97.4786
463,78.3174,3867.905,97.4591
464,78.3721,3882.9233,97.44
465,78.4504,3897.1035,97.4167
466,78.529,3901.1013,97.3935
467,78.6257,3906.603,97.3702
468,78.732,3933.0073,97.351
469,78.7577,3932.6802,97.3281
470,78.9175,3941.7356,97.3081
471,78.9786,3948.3176,97.2906
472,79.0859,3955.8494,97.2691
473,79.18,3961.293,97.2487
474,79.2776,3966.2222,97.2269
475,79.3652,3978.4646,97.2049
476,79.3997,3979.24,97.1875
477,79.4122,3998.3472,97.1674
478,79.5501,4005.8643,97.1464
479,79.5914,4003.5093,97.1275
480,79.6541,4010.4045,97.1211
481,79.7061,4015.5002,97.1037
482,79.8889,4019.9937,97.0838
483,80.0414,4034.686,97.0634
484,80.1047,4032.5205,97.0435
485,80.2619,4036.3386,97.0238
486,80.3789,4049.1543,97.0071
487,80.4368,4055.2966,96.9847
488,80.5393,4067.6917,96.9658
489,80.6241,4067.2319,96.9484
490,80.6066,4067.3103,96.9287
491,80.6816,4073.478,96.9078
492,80.733,4090.6121,96.8898
493,80.8225,4102.7441,96.8666
494,80.8843,4110.4326,96.8437
495,80.9272,4110.3145,96.8248
496,81.0336,4118.4795,96.8088
497,81.1219,4117.7827,96.7865
498,81.1659,4132.0132,96.7702
499,81.2967,4127.2358,96.7533
500,81.3433,4130.1816,96.7398
501,81.351,4127.2612,96.7254
502,81.409,4131.6494,96.7081
503,81.4677,4141.3223,96.6877
504,81.5639,4148.3423,96.6661
505,81.6842,4151.6255,96.6468
506,81.7331,4158.7329,96.6281
507,81.7865,4163.3369,96.6109
508,81.8166,4178.4502,96.5949
509,81.8904,4186.8179,96.5772
510,82.0102,4182.8169,96.5592
511,82.0855,4184.4487,96.5408
512,82.1858,4192.0645,96.5263
513,82.3002,4207.4756,96.5083
514,82.3491,4215.0322,96.489
515,82.4845,4223.4419,96.4704
516,82.5637,4236.1689,96.4465
517,82.5953,4250.2397,96.4276
518,82.6827,4258.2876,96.4091
519,82.6752,4256.1753,96.3896
520,82.8462,4262.7896,96.3796
521,82.9367,4276.5229,96.3579
522,83.0185,4279.2593,96.3421
523,82.9615,4290.8403,96.3242
524,83.168,4293.1606,96.3094
525,83.1648,4310.8257,96.2893
526,83.2381,4313.5244,96.2748
527,83.3242,4320.1162,96.2561
528,83.3702,4324.5771,96.2384
529,83.4657,4338.9888,96.2196
530,83.5954,4339.064,96.2007
531,83.6951,4350.394,96.182
532,83.7382,4350.8472,96.1672
533,83.8452,4342.8706,96.1508
534,83.8427,4347.4053,96.1316
535,83.8606,4353.4141,96.1145
536,83.9596,4357.0571,96.0928
537,83.9729,4373.127,96.0737
538,84.0697,4377.1069,96.0556
539,84.1339,4380.6172,96.0369
540,84.2352,4378.1523,96.0288
541,84.2642,4382.5234,96.0065
542,84.312,4385.7949,95.9872
543,84.3895,4380.2476,95.9695
544,84.4049,4382.6343,95.9533
545,84.6073,4387.5645,95.9336
546,84.6753,4387.5205,95.9174
547,84.7253,4392.5693,95.9023
548,84.8221,4399.9033,95.8877
549,84.8696,4405.186,95.8717
550,84.9161,4408.5605,95.8495
551,84.9952,4418.0366,95.8351
552,85.028,4413.2173,95.8166
553,85.1097,4420.2559,95.7969
554,85.2095,4418.4858,95.7786
555,85.218,4418.9209,95.7606
556,85.3884,4440.8022,95.741
557,85.4077,4447.0312,95.7261
558,85.4859,4445.7798,95.7085
559,85.5803,4446.8145,95.6872
560,85.678,4445.6836,95.6782
561,85.6938,4445.3169,95.6592
562,85.791,4451.9878,95.6382
563,85.8164,4463.6289,95.6179
564,85.8867,4470.4756,95.5996
565,85.9079,4481.4468,95.5797
566,86.0265,4494.8403,95.5633
567,86.0132,4505.5776,95.5512
568,86.1002,4513.6826,95.5335
569,86.2076,4527.1753,95.5135
570,86.2355,4548.3979,95.495
571,86.28,4562.6279,95.4765
572,86.2864,4581.0249,95.459
573,86.3811,4583.271,95.4433
574,86.4477,4588.104,95.4257
575,86.5473,4595.5791,95.4099
576,86.627,4609.2559,95.3925
577,86.6977,4613.4355,95.3747
578,86.7652,4617.4771,95.3577
579,86.8496,4624.4751,95.3427
580,86.8637,4635.4917,95.3337
581,86.9417,4641.7339,95.3197
582,87.1516,4644.4927,95.3037
583,87.1076,4655.2388,95.2842
584,87.2002,4649.3779,95.2646
585,87.2494,4674.8403,95.2444
586,87.3268,4691.9492,95.2248
587,87.4483,4700.8691,95.2095
588,87.5219,4712.9785,95.1942
589,87.6393,4708.5811,95.1751
590,87.6866,4721.3467,95.156
591,87.7325,4722.4121,95.1402
592,87.8643,4726.7437,95.1224
593,87.8301,4724.103,95.1078
594,87.9211,4729.8013,95.0923
595,88.0356,4736.6021,95.0773
596,88.1595,4746.8628,95.0574
597,88.2159,4752.3369,95.0417
598,88.3557,4764.0454,95.022
599,88.4034,4768.5552,95.0035
600,88.4671,4776.0781,94.9976
601,88.5561,4788.6123,94.9795
602,88.6327,4798.6484,94.9605
603,88.7374,4805.5425,94.9439
604,88.7449,4812.248,94.9274
605,88.8,4828.8184,94.9118
606,88.8581,4839.7358,94.8971
607,88.9688,4849.9434,94.8829
608,89.0336,4864.3237,94.8671
609,89.0878,4872.2847,94.8484
610,89.1482,4881.6265,94.8314
611,89.1409,4888.812,94.8123
612,89.1991,4897.5474,94.7959
613,89.2914,4906.6201,94.7748
614,89.3395,4912.0112,94.7576
615,89.2998,4923.6533,94.7439
616,89.3939,4933.2939,94.7317
617,89.4774,4939.4155,94.713
618,89.4873,4945.7812,94.6998
619,89.5576,4941.7861,94.685
620,89.6512,4950.1836,94.6799
621,89.6826,4949.4849,94.6621
622,89.6818,4962.7007,94.6459
623,89.7163,4974.6616,94.6296
624,89.7623,4968.8833,94.6144
625,89.7906,4975.8364,94.5958
626,89.9021,4985.2202,94.5772
627,89.8762,4985.7476,94.5622
628,89.9618,4998.4634,94.541
629,89.9699,5006.6982,94.5283
630,89.9905,5014.5869,94.5123
631,90.0745,5022.5049,94.4951
632,90.1437,5031.5039,94.4829
633,90.1417,5049.1914,94.4667
634,90.1926,5051.5522,94.4526
635,90.2914,5054.9263,94.431
636,90.3871,5067.7769,94.4112
637,90.4388,5063.5845,94.392
638,90.5314,5079.2383,94.3738
639,90.5388,5088.4712,94.3596
640,90.6223,5088.7266,94.3573
641,90.6764,5107.8984,94.3405
642,90.7529,5111.6997,94.3275
643,90.7817,5114.9253,94.3116
644,90.9484,5126.4087,94.2949
645,91.0076,5116.9014,94.2758
646,91.0145,5135.3403,94.2609
647,91.0262,5142.5737,94.2437
648,91.13,5153.0547,94.2258
649,91.1918,5152.9873,94.2087
650,91.2513,5161.2192,94.1916
651,91.2873,5172.6738,94.1775
652,91.2952,5174.0996,94.162
653,91.4153,5170.0122,94.142
654,91.4795,5165.9756,94.1197
655,91.5646,5165.4639,94.1048
656,91.5317,5171.3848,94.0877
657,91.5956,5179.2144,94.0688
658,91.6266,5188.6221,94.0547
659,91.6678,5206.3608,94.0383
660,91.6366,5213.7808,94.0337
661,91.7307,5230.6367,94.0211
662,91.807,5235.4526,94.0032
663,91.8983,5245.6978,93.9896
664,91.9653,5237.4717,93.9777
665,91.9348,5246.3979,93.9655
666,91.9531,5258.2773,93.9471
667,92.0719,5273.4917,93.9328
668,92.0082,5277.2993,93.9176
669,92.0595,5286.3447,93.9022
670,92.1117,5289.8745,93.8821
671,92.1951,5301.6953,93.8666
672,92.2302,5303.0322,93.8532
673,92.2975,5309.0713,93.8399
674,92.3601,5323.5034,93.8253
675,92.4832,5332.9438,93.8104
676,92.4997,5337.5649,93.7965
677,92.5693,5337.6821,93.7846
678,92.5857,5343.2759,93.7696
679,92.6185,5345.499,93.7539
680,92.6818,5347.2842,93.7469
681,92.827,5356.7852,93.7273
682,92.83,5361.2192,93.7117
683,92.9432,5370.9438,93.6959
684,92.9492,5372.1558,93.6809
685,92.9586,5380.1436,93.6636
686,93.1193,5392.5581,93.6458
687,93.1509,5396.5054,93.6334
688,93.2797,5413.1362,93.6203
689,93.354,5414.0483,93.6018
690,93.3608,5418.436,93.587
691,93.4904,5416.8628,93.5687
692,93.6728,5423.0366,93.5527
693,93.6785,5430.7651,93.5368
694,93.6753,5431.8838,93.5241
695,93.729,5441.0518,93.5079
696,93.729,5444.6611,93.4959
697,93.7651,5454.6284,93.4782
698,93.7805,5465.2295,93.4634
699,93.8285,5464.377,93.4495
700,93.9319,5464.0742,93.446
701,93.922,5463.2632,93.4325
702,93.9812,5467.6411,93.4212
703,94.0267,5477.3579,93.4088
704,94.0736,5496.0625,93.3943
705,94.1101,5501.1035,93.3756
706,94.1706,5515.8403,93.3633
707,94.2384,5531.7759,93.3462
708,94.2666,5543.4707,93.3257
709,94.3631,5548.7993,93.313
710,94.3699,5548.1851,93.2976
711,94.5101,5553.5625,93.2799
712,94.5668,5565.7554,93.2643
713,94.6648,5579.2603,93.2502
714,94.7518,5584.0518,93.2346
715,94.8211,5598.7964,93.2222
716,94.8774,5596.3389,93.2103
717,94.9662,5600.1929,93.2001
718,94.9951,5599.377,93.1841
719,95.0224,5603.7422,93.1656
720,95.1611,5606.7368,93.1634
721,95.1771,5607.4448,93.1503
722,95.2284,5618.1597,93.132
723,95.3448,5631.6636,93.1184
724,95.3875,5630.3125,93.104
725,95.4565,5640.5547,93.0887
726,95.479,5656.1543,93.0723
727,95.4764,5668.7324,93.0539
728,95.5582,5681.1846,93.0401
729,95.5615,5693.0762,93.0259
730,95.6348,5704.6401,93.0133
731,95.7243,5711.1216,93.0021
732,95.6996,5706.5342,92.987
733,95.7578,5719.6685,92.9717
734,95.7968,5730.7666,92.9603
735,95.8637,5729.8711,92.9424
736,95.8309,5743.3774,92.9293
737,95.9041,5751.5767,92.9146
738,96.0295,5747.4707,92.8971
739,96.0892,5757.79,92.8815
740,96.1411,5765.0337,92.8784
741,96.1872,5767.9609,92.8652
742,96.363,5782.0542,92.8512
743,96.3509,5794.3857,92.8373
744,96.3319,5799.2344,92.8254
745,96.3504,5794.8345,92.8126
746,96.4329,5809.5405,92.798
747,96.4945,5820.6084,92.7839
748,96.6621,5834.9097,92.7702
749,96.6589,5827.9019,92.7562
750,96.6873,5829.771,92.7403
751,96.6811,5836.1157,92.725
752,96.7609,5854.8291,92.7088
753,96.8395,5859.416,92.6903
754,96.9091,5854.3833,92.6778
755,96.9802,5852.1416,92.6632
756,97.077,5857.6494,92.6496
757,97.1887,5866.0557,92.6361
758,97.2535,5871.1445,92.6217
759,97.2516,5874.8843,92.6099
760,97.3313,5872.5312,92.6051
761,97.3857,5873.062,92.5906
762,97.4271,5879.8965,92.5782
763,97.4779,5895.1055,92.5663
764,97.49,5900.688,92.554
765,97.597,5918.3745,92.5381
766,97.6114,5925.9648,92.5206
767,97.7352,5932.2866,92.509
768,97.7788,5948.1016,92.4993
769,97.7981,5952.4873,92.4837
770,97.8659,5963.4165,92.4722
771,97.944,5971.6108,92.4548
772,97.959,5975.397,92.4426
773,98.034,5979.645,92.4319
774,98.0986,5973.9194,92.4194
775,98.1003,5988.9561,92.4067
776,98.1389,5994.6523,92.3922
777,98.1733,6007.4219,92.3736
778,98.2059,6018.2803,92.3597
779,98.2559,6028.73,92.3488
780,98.286,6043.9946,92.3486
781,98.2775,6062.9077,92.3387
782,98.363,6076.1431,92.3263
783,98.4874,6080.2261,92.3129
784,98.5837,6098.0483,92.2986
785,98.6369,6095.0571,92.2805
786,98.7267,6114.8853,92.269
787,98.7847,6125.1382,92.2547
788,98.7954,6134.9097,92.2421
789,98.8809,6136.3164,92.224
790,98.9124,6149.3862,92.2079
791,98.9503,6163.6211,92.192
792,98.9417,6172.1807,92.181
793,99.0483,6182.4126,92.1719
794,99.1466,6183.186,92.1581
795,99.2249,6184.166,92.1428
796,99.2592,6195.2988,92.1297
797,99.2727,6203.0972,92.1146
798,99.4004,6219.1753,92.1006
799,99.4554,6214.6836,92.0878
800,99.5635,6208.709,92.0838
801,99.6486,6206.166,92.0699
802,99.6746,6223.73,92.0545
803,99.8232,6244.606,92.0396
804,99.8382,6246.5342,92.0247
805,99.879,6252.4331,92.0105
806,99.9131,6264.7739,91.9947
807,99.9742,6274.7202,91.9821
808,100.1059,6266.7783,91.9637
809,100.1985,6290.3057,91.9525
810,100.1936,6297.499,91.9432
811,100.2579,6299.4292,91.9206
812,100.3164,6306.3271,91.9033
813,100.4094,6306.7432,91.8869
814,100.4083,6324.8467,91.8745
815,100.4774,6333.4419,91.8623
816,100.5226,6347.1523,91.8474
817,100.6525,6351.0898,91.8361
818,100.7829,6356.8755,91.8199
819,100.7655,6361.417,91.8069
820,100.8413,6362.1431,91.8046
821,100.8881,6370.5742,91.7915
822,100.9683,6372.3423,91.7813
823,100.9818,6382.6768,91.7674
824,100.9995,6386.043,91.753
825,101.0354,6387.3496,91.74
826,101.0916,6398.2061,91.7231
827,101.0674,6403.5151,91.7111
828,101.2011,6412.1436,91.6987
829,101.2867,6420.1465,91.6786
830,101.3566,6432.0771,91.6679
831,101.4334,6451.0674,91.654
832,101.4684,6456.6284,91.6396
833,101.4772,6462.7563,91.6286
834,101.5275,6469.9575,91.6134
835,101.5536,6471.1323,91.5986
836,101.5395,6474.1846,91.5845
837,101.612,6475.917,91.5685
838,101.686,6483.0171,91.5545
839,101.7478,6487.6235,91.5423
840,101.8557,6504.4321,91.5438
841,101.8936,6502.5103,91.5316
842,101.9654,6503.377,91.517
843,101.9742,6519.8032,91.5033
844,102.052,6527.8608,91.492
845,102.1156,6535.9253,91.4769
846,102.1777,6545.165,91.4643
847,102.2624,6550.2832,91.4534
848,102.2383,6575.0869,91.4425
849,102.3598,6576.0337,91.4239
850,102.3458,6580.2686,91.4124
851,102.3759,6587.8706,91.3985
852,102.4655,6599.5757,91.3879
853,102.4838,6591.8218,91.3731
854,102.5091,6591.4526,91.3595
855,102.5425,6591.188,91.3466
856,102.6455,6594.5767,91.3334
857,102.6647,6608.2729,91.3224
858,102.7584,6616.6226,91.3089
859,102.7897,6632.8984,91.2997
860,102.8444,6642.7334,91.2967
861,102.9409,6652.1089,91.2841
862,103.0053,6660.7056,91.2682
863,103.0628,6660.7759,91.2493
864,103.052,6671.8784,91.2378
865,103.0528,6679.8164,91.2247
866,103.1331,6687.9287,91.2113
867,103.1577,6693.0107,91.1995
868,103.2518,6706.7671,91.1874
869,103.2737,6713.98,91.1749
870,103.3093,6714.9409,91.159
871,103.4047,6728.7847,91.1458
872,103.5078,6731.5283,91.1347
873,103.5244,6737.9937,91.1261
874,103.5674,6748.2017,91.1159
875,103.6317,6750.8911,91.101
876,103.6748,6750.9858,91.0897
877,103.706,6765.1738,91.0768
878,103.7924,6772.8096,91.0633
879,103.7737,6784.5054,91.0535
880,103.8215,6789.4341,91.0541
881,103.8826,6790.6636,91.0408
882,103.9295,6801.8828,91.03
883,103.9235,6814.4175,91.0191
884,103.9781,6825.3984,91.0064
885,103.9927,6836.2158,90.9975
886,104.0777,6838.459,90.9871
887,104.1365,6853.0146,90.9761
888,104.1739,6863.5488,90.9666
889,104.2126,6883.9814,90.9578
890,104.232,6894.2354,90.9439
891,104.2376,6904.6294,90.9316
892,104.2819,6907.6323,90.9173
893,104.3601,6917.0801,90.9028
894,104.3853,6913.5806,90.8843
895,104.4346,6920.4604,90.8718
896,104.4713,6923.1782,90.8577
897,104.5132,6919.2134,90.8436
898,104.6128,6927.2861,90.8328
899,104.7005,6942.7979,90.8235
900,104.7286,6946.9678,90.8204
901,104.7576,6951.2417,90.8097
902,104.813,6953.8184,90.7972
903,104.851,6971.1655,90.7847
904,104.872,6965.0957,90.7704
905,104.9226,6962.5635,90.76
906,104.9298,6964.8838,90.7495
907,104.9595,6964.4678,90.7432
908,105.0753,6975.6001,90.7317
909,105.0466,6976.749,90.7226
910,105.023,6973.2637,90.7086
911,105.0502,6976.8691,90.6937
912,105.0639,6986.3223,90.6834
913,105.0885,6990.8447,90.6721
914,105.1222,7002.186,90.661
915,105.0932,7009.3159,90.6507
916,105.1353,7010.4321,90.6398
917,105.1252,7023.2778,90.6267
918,105.1571,7031.2368,90.6177
919,105.1749,7040.667,90.6046
920,105.2605,7040.9712,90.6042
921,105.2759,7044.498,90.5924
922,105.3346,7056.1924,90.5814
923,105.4068,7070.3945,90.5661
924,105.3644,7072.1777,90.5551
925,105.5168,7075.1875,90.5396
926,105.5775,7077.5635,90.5293
927,105.5436,7082.1367,90.5152
928,105.5766,7082.0674,90.5022
929,105.6755,7084.9419,90.487
930,105.6828,7105.0269,90.4785
931,105.7913,7127.4517,90.4673
932,105.8297,7135.8887,90.4586
933,105.8195,7144.6582,90.4447
934,105.8844,7153.6992,90.4356
935,105.9362,7163.1274,90.4235
936,105.9285,7163.8164,90.412
937,105.9878,7169.1191,90.3989
938,106.0819,7185.0239,90.3893
939,106.0803,7200.3247,90.3802
940,106.1191,7209.2104,90.3764
941,106.1514,7213.1724,90.3636
942,106.2424,7217.1445,90.3552
943,106.2864,7229.8452,90.345
944,106.3543,7237.0034,90.3297
945,106.3044,7256.3833,90.3193
946,106.4059,7269.4575,90.3065
947,106.4315,7278.4995,90.2938
948,106.4665,7272.7075,90.2826
949,106.5128,7267.918,90.2708
950,106.5709,7269.9512,90.2588
951,106.5849,7270.7339,90.25
952,106.6801,7286.2046,90.2372
953,106.7451,7302.9282,90.2235
954,106.7533,7325.1421,90.216
955,106.794,7324.9121,90.2039
956,106.7977,7326.8384,90.1921
957,106.812,7330.7788,90.1789
958,106.8187,7347.4873,90.1653
959,106.8741,7360.9517,90.1556
960,106.8898,7353.9106,90.1502
961,106.8806,7354.063,90.14
962,106.9104,7353.0122,90.1325
963,106.9064,7354.5435,90.1201
964,106.9671,7368.0977,90.1061
965,107.0002,7378.876,90.094
966,107.0447,7389.77,90.0829
967,107.09,7396.2373,90.0735
968,107.1398,7406.2324,90.0621
969,107.2153,7404.0732,90.0543
970,107.3286,7412.6445,90.0426
971,107.3783,7421.9238,90.0295
972,107.3804,7432.6328,90.018
973,107.4481,7440.0806,90.0078
974,107.4909,7445.5581,89.9951
975,107.4947,7445.5562,89.9802
976,107.569,7446.0381,89.9711
977,107.6515,7455.0615,89.9585
978,107.6999,7458.6636,89.9483
979,107.7708,7470.8306,89.9386
980,107.8355,7471.9756,89.9371
981,107.8281,7487.0498,89.926
982,107.837,7496.6255,89.9148
983,107.8995,7505.9902,89.9064
984,107.8935,7512.5566,89.8946
985,107.9025,7527.1123,89.8871
986,107.9139,7537.9189,89.8727
987,108.0031,7550.2129,89.8596
988,108.0405,7574.9355,89.8515
989,108.0943,7580.2207,89.8397
990,108.1495,7572.8779,89.8252
991,108.1954,7571.1187,89.8108
992,108.2149,7593.7739,89.8002
993,108.2718,7598.354,89.7867
994,108.3841,7602.6152,89.7765
995,108.4343,7588.7329,89.7664
996,108.4566,7579.0537,89.7564
997,108.5389,7596.5557,89.7435
998,108.5575,7595.3857,89.7334
999,108.6287,7606.8516,89.7217
1000,108.6738,7610.7134,89.7223
1001,108.7445,7624.2456,89.7139
1002,108.7788,7628.8394,89.705
1003,108.8374,7633.0591,89.6915
1004,108.8862,7647.0537,89.6794
1005,108.9785,7656.4717,89.6664
1006,109.0381,7663.2441,89.6557
1007,109.1008,7674.1899,89.6456
1008,109.0925,7683.2681,89.6344
1009,109.1393,7687.6875,89.6233
1010,109.2032,7695.7939,89.6118
1011,109.2246,7698.2856,89.6019
1012,109.2662,7704.8315,89.5936
1013,109.2607,7719.0127,89.5828
1014,109.2928,7726.7227,89.5675
1015,109.3229,7739.9932,89.556
1016,109.3593,7752.0991,89.5444
1017,109.489,7754.0146,89.5301
1018,109.4215,7752.6729,89.5199
1019,109.4779,7758.2236,89.5079
1020,109.5197,7770.0625,89.5094
1021,109.5446,7766.5479,89.4968
1022,109.6027,7772.5327,89.4855
1023,109.6646,7781.604,89.4764
1024,109.6767,7793.853,89.4645
1025,109.6552,7800.6431,89.4549
1026,109.6819,7802.5166,89.4449
1027,109.6904,7813.5991,89.4351
1028,109.7697,7818.3721,89.4255
1029,109.7874,7815.7725,89.4153
1030,109.7958,7826.2036,89.4067
1031,109.842,7825.2607,89.3961
1032,109.875,7832.8091,89.3873
1033,109.9122,7841.0469,89.3761
1034,109.9952,7846.2178,89.3643
1035,109.9944,7853.7554,89.3533
1036,110.0164,7863.0132,89.3438
1037,110.0589,7868.168,89.3331
1038,110.0732,7868.0337,89.32
1039,110.1164,7881.0996,89.3115
1040,110.1091,7891.5044,89.315
1041,110.1322,7898.895,89.3004
1042,110.2391,7899.7905,89.29
1043,110.2403,7899.8911,89.2777
1044,110.3168,7903.1875,89.269
1045,110.3426,7905.4634,89.2549
1046,110.3475,7912.8931,89.2446
1047,110.3932,7915.9097,89.2362
1048,110.3766,7926.1567,89.2226
1049,110.4119,7924.4741,89.215
1050,110.4514,7922.4863,89.2074
1051,110.4693,7929.334,89.1967
1052,110.5071,7934.9243,89.1869
1053,110.5989,7944.8145,89.176
1054,110.6836,7948.9893,89.1607
1055,110.6784,7955.6929,89.1491
1056,110.7747,7962.5117,89.1393
1057,110.7588,7968.5977,89.1281
1058,110.8175,7976.2153,89.1194
1059,110.865,7986.875,89.1126
1060,110.8527,8001.0659,89.1124
1061,110.9248,8017.5591,89.1021
1062,110.8608,8029.0928,89.0929
1063,111.0273,8039.9512,89.081
1064,110.9804,8049.812,89.0736
1065,111.0775,8054.3516,89.0624
1066,111.2223,8062.3198,89.0551
1067,111.1696,8079.5835,89.0452
1068,111.2087,8087.5757,89.036
1069,111.2539,8083.6055,89.0263
1070,111.2537,8086.0806,89.0142
1071,111.305,8103.5132,89.0071
1072,111.3207,8105.7236,88.9958
1073,111.4226,8127.2861,88.9875
1074,111.4253,8131.2725,88.9802
1075,111.4261,8132.1333,88.9712
1076,111.435,8136.1572,88.9615
1077,111.4658,8135.2534,88.9489
1078,111.5272,8132.2534,88.9383
1079,111.5883,8139.2563,88.9282
1080,111.6277,8144.1216,88.9269
1081,111.6682,8149.8755,88.9168
1082,111.683,8158.7163,88.9052
1083,111.7373,8156.7466,88.893
1084,111.7483,8168.8955,88.8825
1085,111.8503,8176.2944,88.8743
1086,111.9186,8179.4829,88.8619
1087,111.9382,8190.9766,88.8519
1088,111.9547,8198.1855,88.8429
1089,111.9792,8202.1709,88.833
1090,112.1101,8211.8604,88.8234
1091,112.1424,8214.9023,88.8135
1092,112.1869,8221.5371,88.8017
1093,112.2251,8237.293,88.7875
1094,112.2234,8240.8047,88.7813
1095,112.2911,8250.2021,88.7694
1096,112.334,8258.375,88.759
1097,112.3415,8276.5889,88.7504
1098,112.3978,8268.8652,88.741
1099,112.4101,8267.1016,88.7315
1100,112.4976,8260.8369,88.7325
1101,112.5586,8261.3594,88.7212
1102,112.5779,8277.6055,88.7094
1103,112.6912,8281.6426,88.6989
1104,112.6895,8296.0537,88.6929
1105,112.6798,8300.2871,88.6841
1106,112.6874,8305.7998,88.6733
1107,112.7107,8317.9893,88.6667
1108,112.7534,8328.2285,88.6555
1109,112.7985,8336.0752,88.6465
1110,112.7526,8345.8936,88.637
1111,112.8168,8344.8223,88.6284
1112,112.8563,8356.8301,88.6178
1113,112.8315,8356.957,88.608
1114,112.8635,8362.8984,88.5991
1115,112.9269,8370.7852,88.591
1116,113.0445,8374.0381,88.5803
1117,113.018,8381.3984,88.5711
1118,113.0565,8392.3457,88.5595
1119,113.0427,8394.6777,88.549
1120,113.0885,8410.4121,88.5513
1121,113.1086,8425.9512,88.5428
1122,113.1315,8429.5801,88.5324
1123,113.2217,8436.0195,88.5249
1124,113.2787,8451.1943,88.5157
1125,113.3316,8457.9121,88.5088
1126,113.3653,8472.7422,88.4961
1127,113.3945,8472.457,88.4835
1128,113.4261,8484.8682,88.4702
1129,113.4408,8489.251,88.4608
1130,113.5041,8493.0098,88.4517
1131,113.5408,8497.9404,88.443
1132,113.5622,8503.5723,88.4361
1133,113.6026,8510.4365,88.4281
1134,113.6393,8507.585,88.4187
1135,113.7144,8508.8203,88.4097
1136,113.7722,8516.2754,88.3993
1137,113.7857,8516.3096,88.3935
1138,113.7948,8524.0908,88.3832
1139,113.854,8528.9053,88.3715
1140,113.8676,8544.2656,88.3749
1141,113.9987,8560.5146,88.3644
1142,114.0585,8565.2236,88.3523
1143,114.0455,8573.3838,88.342
1144,114.0448,8574.7959,88.3313
1145,114.0647,8578.957,88.3207
1146,114.1211,8580.1611,88.3117
1147,114.1556,8581.499,88.3057
1148,114.2332,8587.6621,88.2967
1149,114.171,8600.3096,88.2892
1150,114.1784,8602.1768,88.2789
1151,114.2344,8603.6758,88.2681
1152,114.2711,8609.832,88.2588
1153,114.3184,8618.5762,88.2508
1154,114.3195,8630.1318,88.2378
1155,114.3662,8635.3311,88.226
1156,114.4501,8635.1758,88.2153
1157,114.4915,8636.7227,88.204
1158,114.5377,8641.2959,88.1937
1159,114.5642,8650.1689,88.1842
1160,114.6212,8656.1318,88.1824
1161,114.6819,8654.3154,88.1739
1162,114.6826,8663.0762,88.1639
1163,114.7025,8664.1426,88.1561
1164,114.7287,8663.8311,88.1478
1165,114.7524,8669.333,88.1411
1166,114.8019,8676.1846,88.1329
1167,114.8446,8684.3281,88.1227
1168,114.8897,8687.7861,88.113
1169,114.9311,8693.0918,88.1056
1170,115.0248,8696.6094,88.0955
1171,114.9982,8702.1777,88.0868
1172,115.0838,8718.3418,88.0735
1173,115.1124,8724.4414,88.0618
1174,115.1537,8728.1914,88.0518
1175,115.1941,8728.5146,88.0448
1176,115.2373,8728.1367,88.039
1177,115.311,8728.126,88.0301
1178,115.3565,8738.6396,88.0203
1179,115.4257,8746.2422,88.0112
1180,115.454,8750.9805,88.0129
1181,115.5595,8763.9521,88.0047
1182,115.5401,8774.7549,87.9952
1183,115.6347,8780.54,87.9872
1184,115.6069,8791.2803,87.9767
1185,115.6352,8799.8379,87.966
1186,115.7167,8815.8027,87.9573
1187,115.749,8824.3203,87.9455
1188,115.7796,8833.9805,87.9373
1189,115.8598,8831.8584,87.9271
1190,115.8831,8838.9004,87.9179
1191,115.8696,8840.2588,87.9062
1192,115.925,8843.7627,87.8958
1193,115.9733,8861.4883,87.8896
1194,115.9763,8868.8779,87.8799
1195,116.0673,8883.9844,87.8717
1196,116.079,8887.0742,87.8623
1197,116.0967,8894.5127,87.8508
1198,116.1717,8907.0459,87.8406
1199,116.2017,8914.291,87.83
1200,116.235,8930.6953,87.8311
1201,116.274,8938.0029,87.8221
1202,116.3167,8942.1035,87.8099
1203,116.3493,8951.209,87.7971
1204,116.4514,8954.915,87.7887
1205,116.4225,8969.8994,87.7819
1206,116.4693,8982.8975,87.7734
1207,116.4404,8996.1768,87.7651
1208,116.4782,9004.7871,87.7538
1209,116.4791,9008.9395,87.7436
1210,116.5151,9016.3779,87.7355
1211,116.5568,9028.6787,87.7277
1212,116.5908,9030.5664,87.7176
1213,116.6133,9038.166,87.7101
1214,116.6881,9047.7041,87.6987
1215,116.7363,9061.4033,87.691
1216,116.7426,9074.3232,87.6813
1217,116.8647,9077.9609,87.6721
1218,116.8677,9077.2061,87.6647
1219,116.9618,9089.9971,87.6561
1220,117.018,9091.5869,87.6584
1221,117.0116,9098.4834,87.6479
1222,117.0431,9100.0488,87.6404
1223,117.12,9100.7432,87.6289
1224,117.1213,9110.665,87.621
1225,117.177,9122.6338,87.6135
1226,117.2382,9122.6797,87.6065
1227,117.2634,9130.4365,87.595
1228,117.3174,9135.666,87.5843
1229,117.3152,9138.8926,87.5745
1230,117.4247,9156.54,87.5683
1231,117.4722,9159.9189,87.558
1232,117.5263,9174.5156,87.5466
1233,117.5435,9176.4688,87.5361
1234,117.5637,9186.6016,87.5282
1235,117.6203,9182.4297,87.5161
1236,117.6325,9181.6953,87.5062
1237,117.6447,9182.9893,87.4981
1238,117.6943,9179.2725,87.4899
1239,117.6729,9186.8779,87.4798
1240,117.7118,9200.7803,87.4795
1241,117.7506,9204.46,87.4716
1242,117.774,9208.7305,87.4633
1243,117.7724,9216.5479,87.4533
1244,117.8558,9218.8682,87.4439
1245,117.8785,9233.3877,87.4364
1246,117.9142,9234.4619,87.4288
1247,117.9411,9245.501,87.4192
1248,117.9604,9261.2744,87.4102
1249,118.0235,9271.8701,87.4033
1250,118.0852,9286.0605,87.393
1251,118.1406,9287.2451,87.3845
1252,118.1707,9290.0166,87.3729
1253,118.2062,9290.5732,87.3643
1254,118.3288,9298.9521,87.3585
1255,118.3151,9305.1387,87.349
1256,118.3165,9301.8994,87.3414
1257,118.3555,9307.7881,87.3316
1258,118.4419,9317.2578,87.3212
1259,118.4849,9331.6602,87.3122
1260,118.4809,9334.124,87.3148
1261,118.4835,9343.5586,87.3066
1262,118.5784,9345.6357,87.2964
1263,118.5884,9357.0176,87.2862
1264,118.617,9356.75,87.2784
1265,118.6253,9376.5996,87.2695
1266,118.6375,9382.7852,87.2595
1267,118.7575,9383.1602,87.2535
1268,118.7163,9387.291,87.2451
1269,118.7127,9392.9795,87.2355
1270,118.8523,9387.3799,87.2282
1271,118.9067,9388.1045,87.2213
1272,118.9072,9386.7588,87.2135
1273,118.9266,9392.5635,87.2039
1274,118.9834,9397.5234,87.1961
1275,118.9615,9394.9082,87.1861
1276,118.9564,9405.7959,87.1768
1277,118.9906,9418.9912,87.1663
1278,119.0478,9424.3262,87.16
1279,119.1599,9415.7344,87.1516
1280,119.1826,9428.833,87.153
1281,119.1979,9420.0693,87.1445
1282,119.2558,9418.7861,87.1362
1283,119.284,9436.7363,87.1261
1284,119.3544,9439.9971,87.1189
1285,119.4054,9453.3926,87.1079
1286,119.453,9460.5674,87.1009
1287,119.5621,9458.4678,87.0928
1288,119.5419,9460.8955,87.0853
1289,119.6087,9475.1895,87.0762
1290,119.6334,9479.0098,87.064
1291,119.7026,9483.7051,87.055
1292,119.7703,9490.7578,87.0478
1293,119.7948,9497.1855,87.0404
1294,119.8309,9509.1426,87.0312
1295,119.9069,9519.708,87.023
1296,119.9359,9527.5723,87.0138
1297,120.0139,9531.2773,87.005
1298,120.0093,9540.9004,86.9951
1299,120.0453,9543.6416,86.9857
1300,120.1562,9544.0566,86.9865
1301,120.1357,9543.3135,86.9802
1302,120.161,9547.8086,86.972
1303,120.2251,9552.3457,86.9625
1304,120.3142,9565.3721,86.9552
1305,120.2983,9580.0693,86.946
1306,120.3154,9589.9707,86.9361
1307,120.3126,9614.8828,86.9259
1308,120.3952,9620.6006,86.9182
1309,120.3798,9632.4756,86.9126
1310,120.4104,9654.04,86.9051
1311,120.4579,9663.4385,86.8941
1312,120.5039,9675.2314,86.8877
1313,120.5534,9673.5166,86.8805
1314,120.6179,9684.3018,86.8719
1315,120.6756,9690.4717,86.8642
1316,120.6992,9699.0391,86.8565
1317,120.6974,9709.8857,86.8492
1318,120.7474,9711.6055,86.843
1319,120.7274,9715.3018,86.8342
1320,120.7219,9717.6807,86.8375
1321,120.7584,9715.8125,86.8268
1322,120.7905,9721.1221,86.8186
1323,120.7905,9729.0977,86.8118
1324,120.7974,9734.9014,86.8037
1325,120.8389,9745.4346,86.793
1326,120.8545,9750.4766,86.7849
1327,120.9343,9753.3975,86.7758
1328,120.9296,9759.0332,86.7632
1329,120.9937,9769.4414,86.7532
1330,121.0366,9777.1016,86.7472
1331,121.0816,9775.8926,86.7389
1332,121.1148,9776.8125,86.7329
1333,121.1943,9774.4434,86.7228
1334,121.1261,9782.1963,86.7135
1335,121.1527,9784.3467,86.7064
1336,121.1754,9790.6953,86.6986
1337,121.1849,9795.1094,86.691
1338,121.1906,9806.5645,86.6827
1339,121.1628,9808.9473,86.677
1340,121.1834,9818.7021,86.6786
1341,121.3231,9820.8701,86.6706
1342,121.2879,9831.126,86.6617
1343,121.2843,9840.9531,86.6539
1344,121.3361,9853.7197,86.6459
1345,121.3636,9855.4434,86.6367
1346,121.4243,9853.4004,86.6283
1347,121.4988,9860.0859,86.6197
1348,121.5035,9865.3623,86.6125
1349,121.5258,9873.4209,86.6025
1350,121.5492,9887.5225,86.5908
1351,121.5726,9895.8477,86.5822
1352,121.5719,9897.8535,86.5745
1353,121.6204,9900.9336,86.5674
1354,121.5984,9903.3447,86.5582
1355,121.6284,9911.8604,86.5517
1356,121.6585,9912.5332,86.5406
1357,121.6766,9920.3975,86.5324
1358,121.7233,9927.8184,86.5271
1359,121.6749,9944.1133,86.5203
1360,121.6933,9946.1299,86.5256
1361,121.6955,9962.7617,86.5175
1362,121.8053,9964.8965,86.5103
1363,121.7946,9971.2314,86.5036
1364,121.8037,9980.0771,86.496
1365,121.849,9994.8936,86.489
1366,121.8982,9999.7617,86.4802
1367,121.9131,10007.9414,86.4731
1368,121.9816,10012.3359,86.4636
1369,121.9905,10021.9717,86.4532
1370,121.9669,10030.916,86.4439
1371,122.0575,10046.5986,86.4349
1372,122.1359,10038.7939,86.4284
1373,122.1446,10050.043,86.4214
1374,122.1541,10057.0215,86.4155
1375,122.1406,10060.5049,86.4096
1376,122.1958,10083.9805,86.3994
1377,122.185,10092.627,86.392
1378,122.2359,10102.1885,86.3819
1379,122.2707,10112.1387,86.3715
1380,122.3439,10117.4043,86.3751
1381,122.3519,10123.5605,86.3664
1382,122.4383,10126.4248,86.3592
1383,122.4873,10125.7441,86.3507
1384,122.5367,10140.2695,86.3418
1385,122.5892,10145.8447,86.3348
1386,122.6191,10159.7949,86.3276
1387,122.6247,10163.7383,86.3206
1388,122.7304,10170.0566,86.3132
1389,122.7958,10182.8926,86.3052
1390,122.802,10188.8516,86.3004
1391,122.7645,10202.2363,86.2905
1392,122.8842,10208.1387,86.2828
1393,122.8942,10204.6396,86.2736
1394,122.9337,10210.6006,86.2649
1395,122.9435,10221.8018,86.2554
1396,122.9942,10232.707,86.2461
1397,122.9856,10230.8486,86.2399
1398,123.0189,10249.0625,86.2315
1399,123.1118,10264.0078,86.2229
1400,123.138,10261.29,86.2251
1401,123.1376,10263.4727,86.2133
1402,123.1659,10273.3457,86.204
1403,123.1964,10282.5371,86.1945
1404,123.2108,10296.4561,86.1872
1405,123.2353,10309.7783,86.1773
1406,123.2668,10314.7588,86.1704
1407,123.2717,10327.209,86.1613
1408,123.3729,10338.3848,86.1521
1409,123.3683,10339.3223,86.1468
1410,123.4136,10342.8408,86.1401
1411,123.5324,10347.9209,86.1315
1412,123.5366,10350.9521,86.125
1413,123.6014,10359.5332,86.1196
1414,123.6661,10368.8584,86.1121
1415,123.7044,10378.0947,86.1075
1416,123.7066,10388.3711,86.0996
1417,123.7385,10399.6709,86.0924
1418,123.7242,10402.5166,86.0862
1419,123.8072,10409.9277,86.0777
1420,123.834,10420.293,86.0803
1421,123.8775,10421.5479,86.0702
1422,123.918,10422.2012,86.0608
1423,123.9482,10429.5615,86.0533
1424,124.0275,10429.4463,86.044
1425,124.0427,10431.4795,86.0366
1426,123.9947,10447.8486,86.0307
1427,123.989,10451.9619,86.024
1428,124.0176,10462.1777,86.0175
1429,124.0865,10462.6533,86.0105
1430,124.1116,10460.7705,86.0016
1431,124.1958,10465.4922,85.9937
1432,124.2419,10474.7451,85.984
1433,124.2705,10483.3174,85.9764
1434,124.2934,10494.4189,85.9675
1435,124.2915,10504.6768,85.9576
1436,124.2887,10517.9941,85.9491
1437,124.2845,10529.2119,85.9439
1438,124.2981,10530.4961,85.9364
1439,124.2796,10540.6631,85.9315
1440,124.3333,10543.0371,85.9337
1441,124.3557,10556.1445,85.9254
1442,124.3043,10561.7217,85.92
1443,124.3852,10555.5459,85.9101
1444,124.3685,10567.7002,85.9031
1445,124.3979,10577.6328,85.8967
1446,124.4353,10588.9268,85.8896
1447,124.4139,10588.6689,85.882
1448,124.518,10583.5068,85.8739
1449,124.5601,10574.7666,85.865
1450,124.6007,10591.5098,85.8556
1451,124.6492,10600.7139,85.8458
1452,124.693,10607.3252,85.8392
1453,124.7096,10620.5195,85.8329
1454,124.7682,10635.249,85.8231
1455,124.7442,10631.0,85.8159
1456,124.7772,10631.8311,85.8098
1457,124.807,10643.2461,85.8003
1458,124.9411,10649.4316,85.793
1459,124.9541,10659.0029,85.7851
1460,124.9842,10667.3066,85.7877
1461,125.0746,10666.957,85.7758
1462,125.1077,10680.9912,85.7671
1463,125.1391,10687.7705,85.7611
1464,125.1461,10706.8936,85.7533
1465,125.2205,10716.4443,85.7471
1466,125.212,10716.2412,85.74
1467,125.2571,10715.2061,85.7307
1468,125.3369,10726.5088,85.7238
1469,125.3958,10730.4922,85.7162
1470,125.363,10732.2959,85.7087
1471,125.4272,10732.2969,85.7012
1472,125.387,10733.8242,85.695
1473,125.4667,10736.4326,85.6868
1474,125.4923,10744.915,85.6813
1475,125.4733,10747.0635,85.6722
1476,125.4666,10752.541,85.6645
1477,125.4968,10770.2998,85.6563
1478,125.5634,10774.9521,85.6485
1479,125.6456,10786.8643,85.6428
1480,125.6244,10793.4805,85.6465
1481,125.6916,10805.6191,85.6375
1482,125.6573,10815.0713,85.628
1483,125.6562,10817.4648,85.6203
1484,125.7222,10818.875,85.6067
1485,125.6096,10823.5059,85.5986
1486,125.6366,10829.7783,85.5919
1487,125.6616,10833.126,85.5817
1488,125.6951,10839.5908,85.5731
1489,125.7094,10849.3047,85.5641
1490,125.7929,10854.3438,85.5561
1491,125.8223,10855.4316,85.5487
1492,125.8208,10865.3066,85.543
1493,125.8688,10858.6094,85.535
1494,125.859,10874.9492,85.5291
1495,125.8969,10883.6328,85.5182
1496,125.9637,10892.3135,85.5109
1497,125.9873,10898.7822,85.5048
1498,126.0148,10898.7021,85.498
1499,126.0665,10899.4395,85.4897
1500,126.0833,10909.5098,85.491
1501,126.0829,10923.8994,85.4834
1502,126.1115,10936.9404,85.4771
1503,126.1918,10950.707,85.471
1504,126.1777,10966.3877,85.4647
1505,126.243,10974.6367,85.458
1506,126.2847,10977.7354,85.4517
1507,126.2958,10985.1064,85.4439
1508,126.3076,10978.6182,85.4345
1509,126.3636,10977.4375,85.4262
1510,126.4175,10984.5039,85.4182
1511,126.5058,11001.4023,85.4109
1512,126.479,11012.0967,85.4019
1513,126.4894,11027.4111,85.3959
1514,126.4928,11041.79,85.3894
1515,126.5591,11039.4199,85.3829
1516,126.5887,11048.123,85.3737
1517,126.6285,11066.7744,85.3666
1518,126.6435,11075.2324,85.3596
1519,126.632,11085.1152,85.3522
1520,126.7298,11084.4668,85.3553
1521,126.8018,11092.0752,85.3483
1522,126.9103,11101.0771,85.3437
1523,126.8854,11100.4746,85.3333
1524,126.927,11111.9004,85.3258
1525,126.9378,11128.0381,85.3186
1526,126.9618,11138.8145,85.3124
1527,127.0786,11150.8076,85.3037
1528,127.0837,11158.8936,85.2947
1529,127.1297,11163.416,85.2889
1530,127.1381,11176.5479,85.2831
1531,127.181,11190.6758,85.2773
1532,127.2133,11205.6279,85.2702
1533,127.21,11219.3398,85.262
1534,127.2685,11226.959,85.2534
1535,127.3475,11239.0625,85.2475
1536,127.3385,11255.6592,85.2394
1537,127.3279,11269.1953,85.2325
1538,127.4411,11278.0215,85.2268
1539,127.4972,11288.7949,85.2184
1540,127.5037,11298.8027,85.2218
1541,127.5153,11311.4697,85.2139
1542,127.4983,11313.0791,85.2063
1543,127.492,11313.5156,85.1979
1544,127.4841,11327.4326,85.1903
1545,127.513,11347.6035,85.1853
1546,127.6058,11355.5146,85.1793
1547,127.6071,11359.8428,85.1722
1548,127.6337,11364.3242,85.165
1549,127.7215,11373.8408,85.1581
1550,127.7131,11384.6689,85.1516
1551,127.7934,11388.4854,85.1456
1552,127.7409,11398.6172,85.1393
1553,127.7667,11405.5527,85.1287
1554,127.7504,11416.1387,85.1234
1555,127.7576,11414.3027,85.1162
1556,127.811,11418.1719,85.1105
1557,127.8778,11427.4805,85.1024
1558,127.9333,11432.8955,85.0925
1559,127.9316,11441.2412,85.0811
1560,127.942,11438.7197,85.0829
1561,127.9841,11453.8145,85.0758
1562,128.0581,11467.6758,85.0692
1563,128.0453,11477.1328,85.0636
1564,128.0444,11491.6396,85.0561
1565,128.073,11506.7598,85.0499
1566,128.0762,11513.2686,85.0424
1567,128.1781,11512.1895,85.0362
1568,128.1202,11517.6064,85.029
1569,128.1556,11523.8906,85.0218
1570,128.2432,11532.9375,85.0161
1571,128.2728,11535.9238,85.0089
1572,128.2651,11547.6367,85.0032
1573,128.2921,11552.1377,84.9954
1574,128.341,11553.3701,84.9882
1575,128.3459,11563.9375,84.9809
1576,128.4244,11575.3379,84.9724
1577,128.5057,11580.6855,84.9636
1578,128.4556,11587.2471,84.9578
1579,128.469,11598.3467,84.9502
1580,128.5167,11612.0312,84.9535
1581,128.5385,11621.4033,84.9437
1582,128.565,11627.6973,84.938
1583,128.5494,11635.3281,84.9336
1584,128.6091,11640.0303,84.928
1585,128.6067,11648.2305,84.9213
1586,128.6039,11654.2588,84.914
1587,128.5866,11664.6221,84.9062
1588,128.6363,11668.9492,84.8979
1589,128.7023,11670.6973,84.8894
1590,128.691,11694.9053,84.8844
1591,128.7526,11699.1553,84.879
1592,128.7736,11694.0898,84.8716
1593,128.854,11694.5166,84.8649
1594,128.8346,11711.5283,84.8564
1595,128.8638,11715.0977,84.8482
1596,128.8915,11719.6064,84.8428
1597,128.9473,11731.3369,84.8341
1598,129.0313,11737.5879,84.8281
1599,129.0182,11748.1943,84.8217
1600,129.0189,11758.501,84.8267
1601,129.0819,11765.9102,84.8181
1602,129.1006,11765.5391,84.8085
1603,129.1304,11767.6455,84.8011
1604,129.1364,11778.5635,84.7934
1605,129.1798,11780.7695,84.7864
1606,129.1796,11784.832,84.7799
1607,129.1827,11795.1416,84.7731
1608,129.1803,11806.2139,84.7672
1609,129.1612,11825.9443,84.7607
1610,129.2216,11837.877,84.7524
1611,129.2502,11840.46,84.7443
1612,129.2777,11852.8105,84.7381
1613,129.3002,11863.3535,84.731
1614,129.3309,11875.7451,84.7246
1615,129.3075,11880.3594,84.7189
1616,129.2968,11891.1582,84.7095
1617,129.3199,11891.752,84.701
1618,129.3927,11898.752,84.6946
1619,129.4037,11911.293,84.6875
1620,129.4196,11909.3418,84.6923
1621,129.4491,11915.374,84.6842
1622,129.4631,11918.5068,84.6777
1623,129.5137,11928.0596,84.6709
1624,129.4908,11932.8906,84.6645
1625,129.5721,11941.4092,84.6578
1626,129.5723,11936.7305,84.6517
1627,129.5675,11936.7783,84.642
1628,129.6286,11935.5205,84.6343
1629,129.5779,11944.1729,84.6263
1630,129.5654,11950.5859,84.6195
1631,129.57,11952.0859,84.6131
1632,129.7003,11965.5078,84.6057
1633,129.6807,11969.3262,84.6004
1634,129.6859,11984.1699,84.5941
1635,129.7489,11985.8506,84.5876
1636,129.7861,11991.4805,84.5796
1637,129.8114,12007.5107,84.5734
1638,129.8157,12017.5469,84.5671
1639,129.8606,12017.5137,84.56
1640,129.8985,12030.9131,84.564
1641,129.9003,12040.918,84.5556
1642,129.9502,12052.002,84.5488
1643,130.0142,12057.3574,84.5402
1644,130.0843,12063.4326,84.532
1645,130.1228,12072.8818,84.5265
1646,130.126,12073.6123,84.5215
1647,130.159,12078.9072,84.5135
1648,130.1929,12086.9443,84.5063
1649,130.2491,12097.5811,84.4991
1650,130.2156,12111.3076,84.493
1651,130.217,12118.1436,84.4834
1652,130.2525,12121.834,84.4783
1653,130.3142,12119.7549,84.4708
1654,130.2599,12124.7617,84.4649
1655,130.3033,12134.0674,84.4573
1656,130.3276,12139.1143,84.4502
1657,130.4187,12146.3633,84.4428
1658,130.413,12145.3711,84.4379
1659,130.4529,12138.29,84.4295
1660,130.4285,12143.7549,84.4335
1661,130.47,12147.2598,84.429
1662,130.497,12152.8779,84.422
1663,130.5141,12149.6152,84.4157
1664,130.5535,12158.6016,84.4096
1665,130.572,12164.3096,84.4027
1666,130.5942,12164.9375,84.3965
1667,130.5844,12168.1641,84.3911
1668,130.5814,12179.0508,84.3864
1669,130.5568,12190.3789,84.3799
1670,130.5715,12196.9756,84.3732
1671,130.5986,12205.1953,84.3677
1672,130.6227,12207.9766,84.3611
1673,130.6703,12209.248,84.355
1674,130.6812,12219.1035,84.3495
1675,130.754,12233.7373,84.3425
1676,130.8481,12233.7227,84.3371
1677,130.8538,12231.7861,84.3305
1678,130.8942,12240.4912,84.3245
1679,130.9207,12254.0879,84.3173
1680,130.9891,12261.1533,84.3211
1681,131.0017,12269.4883,84.3161
1682,131.0069,12272.1084,84.3063
1683,131.0368,12264.1855,84.3005
1684,131.0166,12263.7412,84.2942
1685,131.0702,12279.5166,84.2862
1686,131.2,12286.9375,84.2787
1687,131.1862,12300.1064,84.2749
1688,131.1913,12310.8906,84.266
1689,131.229,12325.0137,84.2589
1690,131.2738,12336.1514,84.2528
1691,131.2518,12343.8203,84.2455
1692,131.2933,12345.958,84.2402
1693,131.2714,12351.5078,84.2327
1694,131.2912,12368.792,84.2247
1695,131.3147,12370.3164,84.2192
1696,131.3416,12382.0977,84.2131
1697,131.3616,12392.833,84.2055
1698,131.3679,12390.2998,84.199
1699,131.3863,12400.4092,84.1925
1700,131.4371,12394.1885,84.1965
1701,131.5017,12399.1318,84.1914
1702,131.5372,12396.627,84.1865
1703,131.5303,12400.6162,84.1806
1704,131.5064,12403.041,84.1745
1705,131.5544,12420.0537,84.1682
1706,131.5638,12433.2275,84.1621
1707,131.534,12435.4453,84.158
1708,131.5386,12446.5947,84.1527
1709,131.5517,12449.8164,84.1475
1710,131.5874,12464.0166,84.1435
1711,131.6077,12465.8525,84.1384
1712,131.6112,12472.0156,84.1285
1713,131.5867,12477.7461,84.1222
1714,131.6817,12498.7539,84.1171
1715,131.6751,12510.084,84.1085
1716,131.6384,12514.6631,84.0981
1717,131.718,12514.3994,84.0909
1718,131.7149,12516.5635,84.0831
1719,131.7982,12524.7734,84.0764
1720,131.869,12541.502,84.0792
1721,131.8263,12544.4414,84.072
1722,131.839,12559.8066,84.0626
1723,131.9088,12564.2061,84.0567
1724,131.9089,12559.1143,84.0507
1725,131.927,12560.8467,84.0452
1726,131.9501,12574.0859,84.0369
1727,131.9425,12586.5576,84.0323
1728,132.0077,12601.0146,84.0256
1729,131.9668,12610.7051,84.0195
1730,131.9813,12622.4082,84.0126
1731,132.0212,12630.6543,84.0064
1732,132.0269,12640.4141,84.0
1733,132.0773,12650.6807,83.9946
1734,132.0387,12654.1406,83.987
1735,132.0814,12660.7842,83.9808
1736,132.1037,12669.2676,83.973
1737,132.0984,12673.4023,83.9654
1738,132.1695,12677.2109,83.9588
1739,132.2106,12677.0293,83.9528
1740,132.2404,12686.7549,83.9571
1741,132.2893,12686.1523,83.9493
1742,132.2568,12696.1797,83.9416
1743,132.2731,12702.7695,83.9371
1744,132.3437,12706.417,83.9305
1745,132.3805,12714.4424,83.9219
1746,132.4355,12729.8896,83.9147
1747,132.4512,12739.8369,83.9077
1748,132.4697,12752.3896,83.9012
1749,132.4571,12762.9238,83.8951
1750,132.4678,12778.335,83.8898
1751,132.5262,12776.415,83.8841
1752,132.5083,12786.0596,83.8758
1753,132.5685,12798.3447,83.868
1754,132.549,12803.3125,83.8623
1755,132.5963,12803.5303,83.8562
1756,132.6201,12807.3682,83.85
1757,132.626,12805.5576,83.8435
1758,132.6237,12814.1406,83.8364
1759,132.6684,12814.8643,83.8313
1760,132.7199,12816.1025,83.8367
1761,132.8031,12827.4707,83.8276
1762,132.7986,12834.4854,83.8195
1763,132.8161,12836.5615,83.8158
1764,132.8683,12838.5312,83.809
1765,132.8901,12840.0078,83.802
1766,132.9327,12844.5264,83.7976
1767,132.9551,12843.6475,83.7935
1768,132.9916,12850.1416,83.7867
1769,133.0077,12856.9014,83.7812
1770,133.0203,12864.2168,83.7744
1771,133.0486,12871.6133,83.769
1772,133.1109,12885.1104,83.7641
1773,133.1278,12891.1074,83.7588
1774,133.1352,12897.1836,83.7531
1775,133.2282,12900.2051,83.746
1776,133.2783,12918.4473,83.7391
1777,133.3063,12920.4355,83.7334
1778,133.3162,12936.9883,83.7269
1779,133.3719,12952.7275,83.7212
1780,133.3688,12967.8135,83.7262
1781,133.3843,12978.8379,83.7191
1782,133.4435,12985.3525,83.7141
1783,133.4375,12990.3965,83.7084
1784,133.4692,13005.6475,83.7038
1785,133.4659,13017.4785,83.6974
1786,133.5323,13025.834,83.6929
1787,133.5647,13027.2812,83.688
1788,133.5956,13023.8145,83.6817
1789,133.6027,13028.5332,83.6753
1790,133.6487,13030.7979,83.6685
1791,133.6683,13039.7168,83.6635
1792,133.6922,13051.1436,83.6587
1793,133.6806,13062.2158,83.6537
1794,133.7484,13062.3291,83.6495
1795,133.7562,13073.7666,83.6418
1796,133.7492,13087.1367,83.6359
1797,133.7489,13088.5391,83.6298
1798,133.7893,13087.2666,83.624
1799,133.8007,13105.9893,83.6182
1800,133.7994,13112.7451,83.6229
1801,133.822,13124.457,83.6174
1802,133.8471,13128.3105,83.6119
1803,133.905,13134.0879,83.6048
1804,133.8698,13137.1123,83.5995
1805,133.9378,13146.5303,83.5928
1806,133.9785,13170.6641,83.586
1807,133.9823,13183.8838,83.5794
1808,134.0521,13185.4014,83.5712
1809,134.0904,13199.7852,83.5667
1810,134.1186,13204.2607,83.5601
1811,134.1703,13221.9092,83.5526
1812,134.1814,13240.1084,83.5481
1813,134.2749,13237.4404,83.5415
1814,134.2984,13246.2744,83.5326
1815,134.3432,13247.1602,83.5274
1816,134.3712,13257.541,83.5233
1817,134.3564,13266.0225,83.5151
1818,134.3679,13270.5332,83.5078
1819,134.3934,13287.3662,83.5015
1820,134.4062,13290.1396,83.5059
1821,134.4279,13292.752,83.4982
1822,134.4465,13298.8691,83.4905
1823,134.5037,13299.4062,83.4837
1824,134.5344,13305.1846,83.4763
1825,134.5674,13312.1025,83.4679
1826,134.5679,13321.7676,83.4607
1827,134.5952,13328.1826,83.454
1828,134.5321,13334.4551,83.4481
1829,134.5798,13343.8955,83.4416
1830,134.6029,13350.7227,83.4364
1831,134.638,13357.6562,83.4309
1832,134.6792,13366.3574,83.4254
1833,134.7361,13371.9697,83.4201
1834,134.7009,13379.5586,83.4154
1835,134.7679,13384.292,83.4102
1836,134.7637,13397.7715,83.4049
1837,134.8189,13415.2305,83.3998
1838,134.8078,13420.1748,83.3953
1839,134.8219,13434.8379,83.3905
1840,134.8806,13437.3809,83.3951
1841,134.8595,13446.5254,83.3876
1842,134.859,13451.4805,83.3817
1843,134.9194,13461.5469,83.3743
1844,134.9273,13468.9355,83.3667
1845,134.9333,13480.2822,83.3626
1846,134.9466,13488.248,83.3559
1847,134.9642,13489.3711,83.3466
1848,134.9517,13497.7236,83.34
1849,134.9934,13502.7744,83.335
1850,135.0009,13512.3125,83.3305
1851,135.0383,13525.9287,83.3244
1852,135.0382,13529.3145,83.3187
1853,135.0833,13533.9365,83.314
1854,135.0511,13535.2012,83.3076
1855,135.1414,13542.9502,83.3025
1856,135.2264,13541.1729,83.2979
1857,135.159,13550.3291,83.2924
1858,135.1696,13547.4062,83.2861
1859,135.1862,13556.0576,83.2811
1860,135.2929,13563.0391,83.2851
1861,135.2695,13566.8604,83.2778
1862,135.2578,13578.4697,83.2706
1863,135.252,13590.8818,83.2653
1864,135.2996,13601.8242,83.2602
1865,135.3024,13623.4395,83.2541
1866,135.313,13620.1934,83.2479
1867,135.306,13619.0391,83.2427
1868,135.2869,13629.7881,83.2351
1869,135.3931,13629.1836,83.2294
1870,135.3398,13633.0469,83.2246
1871,135.3694,13643.2217,83.2188
1872,135.3881,13642.8018,83.2115
1873,135.4291,13643.7676,83.2045
1874,135.3991,13653.6211,83.1999
1875,135.4187,13669.1338,83.1938
1876,135.4232,13682.0029,83.1871
1877,135.4784,13686.5518,83.1819
1878,135.5313,13698.9629,83.1759
1879,135.5142,13707.8193,83.1679
1880,135.596,13715.6396,83.1707
1881,135.5516,13735.4707,83.1656
1882,135.5936,13745.3691,83.1602
1883,135.639,13764.1455,83.1539
1884,135.64,13775.3447,83.1483
1885,135.6514,13783.6133,83.1417
1886,135.6962,13792.6943,83.1364
1887,135.7073,13806.251,83.1306
1888,135.7489,13811.8213,83.1241
1889,135.7378,13814.4248,83.1181
1890,135.7771,13829.2422,83.11
1891,135.8673,13821.6035,83.1032
1892,135.8855,13824.8105,83.0976
1893,135.9302,13830.4443,83.0932
1894,135.9621,13843.1543,83.0869
1895,136.0674,13848.1455,83.0821
1896,136.0129,13851.3633,83.0754
1897,136.0583,13864.165,83.071
1898,136.1252,13872.1934,83.0618
1899,136.2448,13882.041,83.0553
1900,136.2398,13890.8701,83.059
1901,136.2408,13892.1748,83.0528
1902,136.305,13897.293,83.0471
1903,136.3697,13910.6875,83.0414
1904,136.3574,13905.4932,83.034
1905,136.4007,13910.8633,83.0278
1906,136.4099,13914.0566,83.0225
1907,136.4833,13921.5254,83.0177
1908,136.6194,13933.4473,83.0129
1909,136.6081,13947.3418,83.0061
1910,136.6894,13954.9141,83.0009
1911,136.7012,13960.3574,82.9932
1912,136.6924,13967.1914,82.9859
1913,136.7532,13980.9209,82.9812
1914,136.8115,13991.4346,82.9736
1915,136.865,13999.0752,82.9676
1916,136.8501,14007.374,82.963
1917,136.8546,14024.1201,82.9587
1918,136.877,14034.1387,82.9531
1919,136.9273,14033.9102,82.9471
1920,136.9559,14042.4492,82.9532
1921,136.9212,14040.8457,82.9482
1922,136.972,14052.4404,82.9421
1923,136.9367,14070.8525,82.9362
1924,136.9432,14059.5264,82.9283
1925,136.987,14069.0039,82.9208
1926,137.0255,14074.6592,82.9156
1927,136.9759,14090.7314,82.9103
1928,136.9767,14089.6133,82.9054
1929,136.9997,14097.8242,82.897
1930,136.9978,14110.0049,82.8891
1931,137.04,14122.0195,82.8828
1932,137.0752,14130.5762,82.8764
1933,137.0461,14133.668,82.8701
1934,137.0934,14141.3613,82.8646
1935,137.106,14148.7393,82.8583
1936,137.1103,14153.8203,82.8524
1937,137.1169,14158.9258,82.847
1938,137.1397,14164.9365,82.8395
1939,137.1423,14172.3291,82.8335
1940,137.1758,14176.4609,82.8389
1941,137.2302,14177.1025,82.8343
1942,137.248,14190.5225,82.829
1943,137.2683,14199.3799,82.8241
1944,137.2855,14206.5791,82.817
1945,137.3302,14206.9551,82.8105
1946,137.3032,14207.1201,82.8049
1947,137.3773,14224.2422,82.7973
1948,137.3911,14237.4219,82.7923
1949,137.4036,14239.583,82.7857
1950,137.489,14248.8604,82.7814
1951,137.5021,14241.2197,82.7767
1952,137.5059,14252.0283,82.7715
1953,137.5064,14264.5918,82.7664
1954,137.5322,14278.9443,82.7587
1955,137.5614,14289.625,82.7525
1956,137.5659,14298.5615,82.746
1957,137.5953,14310.0,82.7405
1958,137.5616,14319.1934,82.7335
1959,137.5919,14321.0752,82.7259
1960,137.5867,14326.3164,82.7305
1961,137.6078,14329.3369,82.7235
1962,137.6404,14343.668,82.7186
1963,137.6179,14351.1318,82.7133
1964,137.6445,14348.8281,82.7072
1965,137.6872,14358.9902,82.7015
1966,137.7222,14367.915,82.6952
1967,137.7467,14379.3096,82.6904
1968,137.7446,14382.415,82.6853
1969,137.7995,14385.2734,82.6804
1970,137.8074,14400.583,82.6749
1971,137.8246,14408.6104,82.6701
1972,137.8143,14426.9463,82.6663
1973,137.8776,14432.1787,82.6583
1974,137.8684,14447.3516,82.6523
1975,137.9036,14450.291,82.6454
1976,137.9498,14454.1016,82.6398
1977,137.9267,14464.6914,82.6331
1978,137.9576,14471.7393,82.6288
1979,137.9758,14470.0684,82.6219
1980,137.9725,14476.7822,82.6252
1981,138.0184,14485.335,82.6206
1982,138.0632,14494.5146,82.6139
1983,138.0972,14495.7402,82.6058
1984,138.127,14494.4072,82.6002
1985,138.1425,14499.4424,82.5935
1986,138.2188,14504.0605,82.5887
1987,138.2206,14508.502,82.5821
1988,138.2384,14517.2158,82.5782
1989,138.2638,14521.7207,82.5732
1990,138.2759,14527.5498,82.5665
1991,138.3535,14534.0771,82.5614
1992,138.3869,14540.8691,82.5538
1993,138.4289,14548.9688,82.5478
1994,138.4521,14560.041,82.5413
1995,138.484,14560.874,82.5366
1996,138.4846,14568.0156,82.5309
1997,138.526,14571.1318,82.5235
1998,138.5357,14571.1162,82.5147
1999,138.5868,14578.166,82.5093
2000,138.6477,14580.3809,82.5132
